Longitude,Latitude,condensing_tower,chimney,power_plant_unit,total_score
118.2102053,36.7853194,0.565110624,0.334369493,1.769473344,2.66895346
117.8906602,37.34658194,0.784999735,0.220921054,1.651999235,2.657920025
118.0681292,36.74941565,0.518889839,0.282753511,1.646951497,2.448594846
118.849993,36.73977936,0.519258079,0.345301664,1.478142381,2.342702124
116.513501,36.21154662,0.542590526,0.392811905,1.087581545,2.022983976
116.3663598,37.51401929,0.50505082,0.218724417,1.286143243,2.00991848
119.036784,35.17252313,0.653989077,0.256612899,0.96646148,1.877063456
115.9096077,36.46694984,0.737067786,0.317773297,0.778971672,1.833812756
118.7523938,37.02249199,0.515339763,0.316099024,0.968920112,1.800358899
116.9403347,34.86739629,0.660977969,0.233721817,0.84656778,1.741267565
117.1351329,36.07626419,0.404729093,0.312122446,0.987638116,1.704489655
116.5623412,35.09339337,0.537635449,0.234089642,0.920695335,1.692420426
117.0012643,36.70758033,0.424013464,0.337762318,0.917166114,1.678941895
119.4070626,36.01585321,0.423843439,0.276014148,0.905799598,1.605657184
118.2956796,35.24888696,0.542180908,0.096491921,0.930995405,1.569668233
118.0547738,36.75964952,0.643958285,0.104036283,0.772909909,1.520904478
118.1306057,37.15882144,0.42277929,0.164499331,0.918517709,1.505796329
118.4046758,37.07828088,0.423936866,0.169379167,0.896433085,1.489749118
118.1697856,36.79706655,0.620552846,0.159097154,0.706412435,1.486062436
118.9511067,36.97199941,0.299284852,0.275213619,0.910260975,1.484759446
119.1202184,37.04202008,1.484522452,0,0,1.484522452
117.9419774,36.65310937,0.484684159,0.282136104,0.694169462,1.460989724
118.8062746,36.69620445,0.423429814,0.257643145,0.763858676,1.444931635
119.0316731,37.12971896,0.67022444,0.280757843,0.480449408,1.431431691
118.5292593,36.99429181,0.598049855,0.32013207,0.494599491,1.412781417
117.9904296,37.47838163,0.423912501,0,0.952094108,1.376006609
120.1318716,36.01216499,0.423753514,0.182505763,0.767550975,1.373810252
116.1561153,36.24082487,0.624935656,0.355227226,0.382016271,1.362179154
119.4771314,36.07638909,0.423849243,0.17723731,0.760585517,1.361672069
118.3061149,34.95758177,0.650430995,0.209583296,0.485015124,1.345029415
115.5417126,34.90508752,0,0.213726922,1.123444393,1.337171315
118.1638235,37.70600896,0.517720872,0.3371286,0.481723905,1.336573376
117.8116673,36.10846645,0.500719187,0.379624177,0.452483207,1.33282657
118.073484,38.07715493,0,0.339188391,0.988895029,1.32808342
115.3494278,35.81644613,0.629122012,0.198832738,0.496377796,1.324332546
118.0808913,36.86677123,0.421722728,0.178957868,0.705992028,1.306672623
117.7078926,34.5745089,0.418649957,0.083256906,0.780427665,1.282334528
116.4756613,35.48868976,0.667951277,0.198437941,0.41515407,1.281543287
116.7379867,35.42746945,0.518545714,0.275759732,0.481769055,1.276074502
117.7766145,37.35929127,0.487845222,0.169515491,0.617555812,1.274916525
120.218647,36.03890882,0,0.439207796,0.833821803,1.273029599
116.4385863,37.18512732,0.515502591,0.273852242,0.483133256,1.272488089
115.6876499,35.2533675,0.594718069,0.165712739,0.493834972,1.25426578
117.7973134,36.88712868,0.299932355,0,0.954203635,1.25413599
120.3293566,36.1125334,0,0.280832974,0.964289874,1.245122848
119.5105782,35.34579788,0,0.24644638,0.992549866,1.238996246
122.0771461,37.17536963,0.599554253,0.168768537,0.466024458,1.234347248
120.3130406,37.680906,0.295695627,0.25873313,0.673427135,1.227855892
116.8966708,35.44385596,0.534919399,0.199687731,0.477826655,1.212433785
120.31513,36.07766987,0,0.125103211,1.07907325,1.204176462
116.319431,35.7728462,0,0.275015014,0.912876159,1.187891173
118.0402075,36.97808075,0.421357213,0.26828859,0.497480512,1.187126315
116.4712378,37.21066671,0,0.342453637,0.843470722,1.18592436
118.2006492,36.86894746,0.100703984,0.249157189,0.830675185,1.180536359
115.7712136,36.87580023,0,0.271860287,0.898895264,1.17075555
117.1785899,35.63694026,0.517810451,0.177466691,0.474921197,1.170198339
118.4968448,36.72019492,0.42391656,0.246154201,0.499110907,1.169181668
117.4075641,36.728793,0.424094904,0.262624945,0.479540676,1.166260525
121.1953015,37.55188981,0,0,1.164921269,1.164921269
119.7702734,36.43212755,0.299924165,0.38115049,0.480681539,1.161756194
117.1099625,34.94016531,0.492915434,0.186976933,0.481648058,1.161540425
117.7001449,36.94434477,0.298003185,0.194968009,0.667246208,1.160217401
116.2553146,37.47045114,0,0.179514503,0.978535652,1.158050156
118.0943943,36.79480622,0.599769053,0.19838016,0.356923282,1.155072495
118.1708789,36.77680445,0,0.281124461,0.870819539,1.151944
115.828814,36.49029072,0,0.266345753,0.884260893,1.150606646
118.4898431,37.00879004,0.489236315,0.179215341,0.480389237,1.148840893
122.1216471,37.33157944,0.463164662,0.190521949,0.494958609,1.14864522
117.4849107,37.02436843,0.599855447,0.157351065,0.390009612,1.147216123
116.242032,37.44890319,0,0.274899035,0.849008501,1.123907535
115.9699941,36.48002178,0.423819858,0.19983325,0.497173518,1.120826626
116.4732814,35.48573878,0.423571554,0.273688021,0.421937078,1.119196653
117.4614397,36.9014394,0.298899132,0.265998118,0.551831484,1.116728733
118.0798272,37.00751168,0.423383562,0.201030007,0.491909891,1.11632346
118.0396709,37.37775926,0.423632511,0,0.691944331,1.115576842
116.8443523,37.18325681,0.423990907,0.199396861,0.480970711,1.104358478
117.5137865,34.8290963,0.424139689,0.196286225,0.482420534,1.102846448
117.0670013,36.05172004,0.424033176,0.18314301,0.49483943,1.102015616
118.4525276,37.97838124,0,0.157014755,0.940201342,1.097216097
118.1661228,37.14374818,0.423559163,0.183134365,0.488951594,1.095645121
118.3839583,37.41459263,0.102828035,0.284957435,0.701253369,1.089038839
118.1339311,36.88576238,0.51927531,0.092457068,0.47315833,1.084890707
118.5313811,37.40064039,0,0.317123658,0.75800705,1.075130708
120.370781,36.17774236,0.424061005,0.19973321,0.450011671,1.073805885
117.841557,36.47099963,0.477471855,0.236286688,0.359447092,1.073205635
116.6655586,35.27039374,0.505927922,0.110912085,0.456283063,1.07312307
118.3244156,35.00317472,0.424055265,0.147029984,0.496372849,1.067458098
118.0963239,36.7001544,0.386834911,0.19444524,0.484955221,1.066235373
116.6246856,35.41124411,0.519139469,0.247392046,0.298195839,1.064727353
117.8629392,36.89682728,0.135498038,0,0.928957224,1.064455262
116.2295649,36.61437583,0.382599476,0.194786356,0.484820396,1.062206227
117.6276317,36.22256009,0.402095564,0.185256255,0.47119996,1.058551778
120.436846,37.3884656,0.422486441,0.180198407,0.455750912,1.058435761
119.3633564,35.15172058,0.298467708,0.297431265,0.462350905,1.058249878
118.1864502,36.18230096,0.298248321,0.260504107,0.495198607,1.053951036
116.7108993,36.19737605,0.298468977,0.28122703,0.473992974,1.053688981
118.5316959,36.81088834,0.316698945,0.274825067,0.460425854,1.051949866
115.5337605,35.24164811,0,0.271506491,0.779052258,1.050558749
119.7195498,35.62940881,0,0.300324142,0.747876853,1.048200995
121.031785,37.47579986,0.29985441,0.249638936,0.491032809,1.040526155
117.2168771,35.66504734,0.277485884,0,0.762224466,1.039710349
116.3042924,37.16074462,0.355681478,0.199700737,0.482333809,1.037716024
117.1170057,35.89560842,0.42403554,0.141657436,0.471881479,1.037574455
120.4179429,36.31304124,0.36616704,0.168399259,0.496250927,1.030817227
116.3343402,36.48653202,0,0.257685326,0.772517145,1.030202471
116.2683704,36.35376304,0.423919189,0.111837292,0.493649751,1.029406232
117.5391265,34.74233819,0.299895501,0.237255847,0.488601357,1.025752704
115.6402657,35.07898383,0,0.220241265,0.804262608,1.024503873
119.491563,35.38326447,0.299751163,0,0.723893821,1.023644984
120.5246788,36.34693008,0.299610686,0.276047528,0.440321207,1.015979421
116.8014744,35.53469282,0.299437648,0.252809854,0.463010371,1.015257873
117.5821235,34.81485218,0.296699166,0.237055913,0.480868518,1.014623597
118.1018967,36.89576072,0,0.062274635,0.950676143,1.012950778
115.574171,35.24866095,0,0.275820567,0.736278981,1.012099548
119.2081934,36.69658174,0.27692728,0,0.735157937,1.012085217
116.7899854,35.58234185,0.423793571,0.272387436,0.311650962,1.007831969
117.5304771,37.48013271,0.423176288,0.199118483,0.381690353,1.003985124
116.2219275,36.61438322,0,0.190775764,0.812013566,1.00278933
116.4813423,37.18552343,0.299837011,0.219850564,0.480688483,1.000376057
116.9485536,35.38648215,0.299704027,0.268944716,0.430687487,0.999336231
116.7412869,36.26015093,0.338214222,0.198510897,0.461623639,0.998348758
115.9834797,36.97203556,0.299804252,0.199919832,0.497410595,0.99713468
118.0820948,37.29703708,0.299901688,0.199881721,0.495813131,0.99559654
117.7758544,37.96567092,0.299726808,0,0.694886193,0.994613001
120.811363,37.33227778,0.299646217,0.197220218,0.496287465,0.9931539
116.3901996,37.44905771,0.299888885,0.199110758,0.493417412,0.992417055
118.5396785,37.04612729,0.42381805,0.186525261,0.379446983,0.989790294
119.2299006,36.64557665,0.366948575,0,0.61727187,0.984220445
118.5281989,36.80671569,0.250678781,0.370691063,0.359183878,0.980553722
117.2227301,37.74844008,0,0.176415038,0.80404672,0.980461758
116.0522676,36.47142639,0.298803627,0.196990657,0.48426193,0.980056214
117.9454716,35.38030881,0.299692976,0.199862885,0.47888431,0.978440171
116.975621,35.61719372,0,0.19136039,0.786104798,0.977465189
117.8496652,36.62510562,0.293295461,0.199517608,0.484208494,0.977021563
118.5362203,37.04589439,0.299881428,0.182105815,0.492063671,0.974050915
117.8430212,36.47425945,0.296898329,0.199659765,0.47126016,0.967818254
118.2229038,36.80076518,0.299827445,0.263371113,0.403278738,0.966477296
119.9876081,35.83674712,0.299896431,0.187732244,0.478460401,0.966089076
118.19718,35.7855095,0.393224893,0.272025079,0.294598818,0.95984879
118.0122115,35.28435278,0.299748337,0.206691572,0.448194265,0.954634174
116.7452543,36.56806725,0.29866004,0.257826569,0.396712244,0.953198852
116.0062942,36.45877165,0,0.372154233,0.580773413,0.952927647
117.4112355,37.0155568,0.299708641,0.193124723,0.457088768,0.949922132
120.1962164,35.98126534,0.29956736,0.271343695,0.377885938,0.948796992
118.4599988,37.55703722,0.299760264,0.154670947,0.494271457,0.948702669
116.189905,36.84460705,0.517442397,0,0.430739254,0.94818165
120.4430013,36.86848936,0.29979279,0.151872277,0.495993078,0.947658145
115.5283404,35.23833148,0,0.154444456,0.793111226,0.947555682
116.2430222,37.46274954,0,0.199587595,0.744478375,0.94406597
118.7687065,35.57552904,0.299505615,0,0.641195759,0.940701374
118.6111806,35.75958591,0.423052604,0.16643666,0.349380642,0.938869906
119.1329787,37.01609041,0.299825335,0.175201056,0.461246192,0.936272583
118.2009059,37.51506589,0.299748874,0.177938938,0.458008945,0.935696757
116.5560499,35.39345808,0.5998566,0,0.330002367,0.929858968
119.2253294,36.04275524,0.350766013,0.125414956,0.451553375,0.927734343
120.3206129,36.30885462,0.299513555,0.148291218,0.47396934,0.921774113
116.2798333,35.36282437,0,0.092767906,0.827630579,0.920398486
117.2017328,36.20348808,0.299881357,0.197580361,0.421721965,0.919183683
120.3873636,36.05512291,0.206821152,0.225257701,0.486731604,0.918810457
116.6645679,35.42524343,0.299881572,0.226863117,0.391405702,0.91815039
116.7864688,35.75081472,0.299802464,0.184660363,0.43341881,0.917881638
116.0143173,36.4816792,0.424055505,0.255704205,0.237540364,0.917300074
119.1511171,36.63543185,0.423819896,0,0.493238688,0.917058583
117.0529214,36.03217525,0.51325244,0.171793103,0.230809912,0.915855456
116.2231908,36.88312389,0.423877907,0,0.491959542,0.915837449
117.0866598,36.70712171,0,0.291634542,0.623604596,0.915239138
115.6823771,36.25450423,0.295392108,0.127366447,0.49062258,0.913381135
117.1206653,35.06833447,0.267089349,0.153005731,0.488108814,0.908203894
120.4710436,37.59277956,0.445811817,0.16451683,0.295737535,0.906066183
118.706157,36.86111386,0.423715317,0.121875418,0.358652264,0.904242999
116.0303189,35.80959067,0.299364656,0.182651758,0.421330333,0.903346747
121.1254255,37.69460671,0.2913598,0.178523314,0.43073225,0.900615364
116.6611371,35.35910612,0.423964822,0,0.47604391,0.900008732
115.5220531,35.2642368,0,0.139074934,0.754452735,0.893527669
117.809923,37.1615964,0.423875593,0,0.469264239,0.893139832
117.8361262,36.81732227,0.423792091,0.130005872,0.338929862,0.892727825
117.6818096,36.13332527,0.424154179,0,0.467422605,0.891576784
118.5073803,37.01275192,0.423292247,0,0.463755697,0.887047944
120.2511694,36.26421408,0.299194604,0,0.584910989,0.884105593
118.6984429,36.85823328,0.538313565,0,0.342872441,0.881186005
116.1521446,36.35418594,0.487346698,0.100427461,0.292290956,0.880065114
118.5477619,36.971791,0.299350744,0.096115551,0.482527643,0.877993939
117.6952201,36.92836471,0,0.28395241,0.593456894,0.877409304
116.9548824,36.63601363,0,0.168993425,0.707546502,0.876539928
115.553376,34.83257909,0.298457336,0.199274254,0.378667355,0.876398945
121.6157754,37.39744262,0.299839014,0.086800474,0.4896833,0.876322788
117.1291333,36.17350199,0.299555629,0.113567317,0.460765898,0.873888844
121.4988479,36.90048651,0.423623078,0,0.445539117,0.869162195
122.0201042,37.40894788,0.370417124,0,0.494314536,0.864731661
118.1168317,36.92254698,0,0.086527771,0.778140426,0.864668196
118.3213234,35.0493623,0.423653854,0,0.436986148,0.860640002
117.1027033,34.93543869,0.299902153,0.063797373,0.493976653,0.857676178
118.9511369,36.96817327,0.299586761,0.179622895,0.378314435,0.857524091
119.0398811,37.0337278,0.3635101,0,0.491637886,0.855147986
122.1570954,37.39968914,0.519272522,0,0.334670216,0.853942738
118.0799129,37.37825004,0,0.281528877,0.571122587,0.852651464
116.2424266,37.45225923,0,0.193838871,0.657295153,0.851134023
117.869433,37.1785763,0.350993859,0,0.495823622,0.846817481
120.4504325,36.40845995,0.299860132,0.118417454,0.42723009,0.845507675
115.9983363,35.44268009,0,0.189698243,0.655718327,0.84541657
117.8358461,36.08261488,0.424072043,0.182396352,0.224217311,0.830685706
116.9094593,36.80881393,0.299825656,0.193688452,0.335108131,0.82862224
118.8155754,35.56837287,0.299639726,0.153348434,0.373379022,0.826367182
117.2715616,34.8279005,0.423109452,0,0.402269572,0.825379024
118.1971374,36.86758887,0.416535997,0,0.404019803,0.8205558
120.4457501,36.23853923,0.248452771,0.185766172,0.385050327,0.81926927
116.6728375,36.9309055,0.406150692,0,0.41286689,0.819017582
117.7592251,38.10294003,0,0.185510981,0.631355882,0.816866863
118.8817399,37.99262601,0.814069404,0,0,0.814069404
118.4176141,37.13521412,0.37808391,0,0.434262961,0.812346871
116.22563,36.61371817,0,0.211154716,0.598703817,0.809858533
117.8960883,37.0517477,0.376116204,0,0.432620794,0.808736998
119.8020225,36.3897596,0.29972831,0.144384801,0.362965584,0.807078695
117.4825147,37.0095857,0.344366124,0,0.462305993,0.806672116
118.9066269,37.27032713,0.45866425,0.091899514,0.250196725,0.80076049
119.3776219,35.18889605,0,0.165217125,0.633606121,0.798823246
120.3784497,36.09260571,0.299638867,0.279954687,0.213520855,0.793114409
118.8473232,35.62645554,0.299950433,0,0.492593318,0.792543751
118.0282618,36.98115989,0,0.292965862,0.498061389,0.79102725
117.8339206,36.08033023,0,0.374969268,0.416041732,0.791011
117.054114,36.1956346,0.299881643,0.084637308,0.406429321,0.790948272
117.1228307,36.77405949,0,0.116075432,0.66741243,0.783487862
118.7728283,36.93013355,0,0.150881575,0.630710781,0.781592355
117.167057,36.94824323,0.299188024,0,0.48114875,0.780336773
121.4761741,37.42329069,0.299667817,0,0.479408979,0.779076797
121.5712126,37.41109713,0.299757475,0,0.478754103,0.778511578
117.7739713,36.91397685,0.298755312,0,0.479701877,0.778457189
117.7519428,36.6504704,0.423571744,0.168890059,0.18517001,0.777631812
117.0107606,36.60881124,0.298942977,0,0.477124155,0.776067132
115.9715296,35.5866594,0.299587011,0,0.476402313,0.775989324
117.4366755,36.89496687,0.296777809,0,0.475823909,0.772601718
118.801516,35.19667157,0.299632698,0.143066788,0.329219937,0.771919423
118.5241799,37.00276665,0.299606985,0,0.471898705,0.77150569
119.9210363,37.21302815,0.299715275,0,0.471480042,0.771195316
118.3248984,34.62667024,0.286325134,0.311013362,0.172072351,0.769410847
122.2099179,37.45051932,0.295669055,0.082432306,0.389831305,0.767932665
118.7805459,36.94241012,0,0.275420931,0.490460783,0.765881714
117.1681276,35.86554475,0.392779864,0.201315488,0.167484224,0.761579576
116.0614371,34.73810193,0.299823368,0,0.459286004,0.759109372
120.385331,37.36821265,0.423881295,0,0.33520323,0.759084526
118.4926254,36.99728939,0.299827516,0,0.458525479,0.758352995
116.8876509,35.94982731,0.29983272,0,0.45806396,0.75789668
116.4344478,36.27818028,0.419419962,0,0.33846733,0.757887292
118.0469354,37.46705378,0,0.261932624,0.495693356,0.75762598
117.7379298,36.89938827,0,0.280880448,0.474803656,0.755684104
115.9977896,36.45880043,0,0.270897655,0.480547041,0.751444696
115.9315454,36.36200056,0,0.181576269,0.568388984,0.749965252
119.2415721,36.64653824,0.282205993,0,0.467384547,0.74959054
117.5817001,36.85826192,0.266544193,0,0.482327431,0.748871625
116.9213799,35.32627424,0,0.280536336,0.467494965,0.7480313
116.4588919,37.18356798,0,0.260546777,0.487050444,0.747597221
120.8178213,37.29706132,0,0.086928773,0.660424739,0.747353512
118.5204585,36.53247802,0.299657428,0.258513899,0.187980697,0.746152024
119.2008662,36.48412295,0.299699467,0,0.445073396,0.744772863
119.5098557,35.64586006,0.280150928,0.198362446,0.26594907,0.744462444
116.8028316,35.32274425,0,0.280164061,0.460669398,0.740833459
118.0512787,37.0426805,0.121232513,0.124389505,0.492424279,0.738046297
120.0019081,35.94038685,0,0.256348251,0.480529994,0.736878245
121.2082688,37.53655692,0.257179874,0.156701764,0.322806478,0.736688116
119.3809646,35.19680323,0,0.140592378,0.595686629,0.736279008
117.1623662,36.92171495,0,0.198867905,0.536838919,0.735706824
116.1039506,37.19442491,0.299438077,0,0.435746491,0.735184568
121.9987177,37.17434899,0.290861416,0,0.443734348,0.734595764
119.1189044,36.74053526,0,0.338490331,0.396023422,0.734513754
118.8865316,38.00333198,0.7343297,0,0,0.7343297
115.1682779,34.99100893,0.29888311,0,0.431867629,0.73075074
121.2071046,37.57066614,0,0.310133457,0.420269877,0.730403334
119.3806391,36.04547394,0.29924342,0,0.430486351,0.729729772
121.3147874,37.53286703,0,0.253458381,0.476138592,0.729596973
117.7855643,36.89652162,0.297336888,0,0.430831581,0.72816847
116.9261871,35.32570901,0,0.258806769,0.468369484,0.727176253
116.7998916,37.21908006,0.299654388,0.060723084,0.366127193,0.726504666
116.3720802,35.99836123,0.235052557,0.294021425,0.197013378,0.72608736
118.6812769,37.4560916,0,0.333726238,0.391354933,0.725081172
120.4674985,36.14625844,0.299622685,0,0.423045486,0.722668171
117.7673974,34.61816932,0.423394107,0.127547836,0.171499759,0.722441702
117.7026899,35.86810248,0.423983168,0,0.298129708,0.722112876
115.8820619,35.27834901,0.297357577,0.101274347,0.320334688,0.718966612
117.4762978,34.9783869,0.439981213,0.277844147,0,0.71782536
118.1089868,36.93931194,0.299802679,0,0.414122015,0.713924694
119.5650543,37.00479135,0,0.219830097,0.493704319,0.713534416
119.3815207,36.93158866,0.29980554,0,0.413724244,0.713529783
120.4030432,36.39491392,0.299603981,0,0.413043052,0.712647033
119.3657324,36.85071371,0.299758834,0.164620495,0.247833014,0.712212342
117.4301523,35.65258598,0,0.210240259,0.501438409,0.711678668
115.6237681,35.68903397,0,0.064933264,0.64659524,0.711528504
115.4308481,35.28598921,0.290883905,0,0.420304835,0.71118874
119.0308925,37.13928976,0,0.262064097,0.44861576,0.710679857
118.3978942,36.42774956,0.500840575,0,0.205334023,0.706174597
118.6450197,37.58602673,0,0.24183082,0.462107211,0.703938031
115.7297629,36.86495842,0.29946658,0.161271954,0.238375455,0.699113989
116.6808022,36.93709634,0.227478928,0,0.47058323,0.698062158
117.1328513,35.91815152,0,0.199147606,0.49741137,0.696558976
118.6862507,37.51881085,0,0.198183751,0.497553974,0.695737725
119.2806576,35.10270757,0,0.199441111,0.495565861,0.695006973
117.4042474,36.72752512,0,0.198837399,0.495044142,0.693881541
118.5483066,37.55868115,0.299816108,0,0.393551379,0.693367487
121.1669388,37.53494483,0,0.199128842,0.493292451,0.692421293
117.2905943,35.15991768,0.299508923,0,0.392828465,0.692337388
119.1743737,36.46378817,0,0.199849248,0.492286891,0.692136139
118.5541601,36.46864428,0,0.198909092,0.492903084,0.691812176
119.2363923,36.64574055,0,0.253759954,0.437072217,0.690832171
116.8705636,36.67996862,0,0.199950421,0.490248352,0.690198773
117.4576649,36.64207377,0.519289577,0.170540738,0,0.689830315
115.515354,35.23349189,0,0,0.689744554,0.689744554
118.142302,36.76999023,0,0.198354077,0.48988229,0.688236368
120.8524461,37.80175433,0,0.195832241,0.491560847,0.687393087
118.1371816,35.33399235,0,0.268222637,0.415321678,0.683544315
120.7603212,36.6051535,0,0.067933863,0.615193903,0.683127767
116.5315581,35.52658901,0.40073061,0.281981113,0,0.682711723
117.9039713,35.321165,0,0.187389297,0.494563311,0.681952608
118.4967853,35.50814833,0,0.183655689,0.497773767,0.681429455
117.7158388,36.93534734,0.299844128,0.178326464,0.203167304,0.681337896
117.6719314,36.25508876,0,0.208248693,0.469990999,0.678239692
117.2095716,36.71589793,0,0.198769438,0.478794664,0.677564102
116.7849763,35.50129428,0.311592987,0,0.365696579,0.677289566
120.4979494,36.48578016,0,0.193097675,0.48348093,0.676578605
117.1249681,34.76349509,0,0.142330086,0.533216536,0.675546622
117.2145603,36.69109808,0.258939993,0,0.416375116,0.675315109
118.8489728,35.62937767,0,0.176259816,0.499029428,0.675289243
117.4477611,36.90429138,0,0.18065412,0.494522095,0.675176215
118.1928129,36.88895252,0,0.17858088,0.495981246,0.674562126
116.8980688,36.79907983,0,0.18937894,0.484692603,0.674071544
119.1987192,36.44539435,0,0.239694893,0.432926089,0.672620982
116.4429265,35.38456734,0,0.194577622,0.476651341,0.671228963
118.1623361,36.72390832,0,0.113705492,0.556912616,0.670618108
120.406384,37.39141255,0.298967725,0,0.370862603,0.669830328
117.1263447,35.0701682,0,0.180593216,0.489109874,0.66970309
120.4835735,36.41546708,0,0.205945543,0.460577607,0.66652315
118.855639,36.88713586,0,0.19797045,0.466917187,0.664887637
117.094308,36.68295223,0.275024343,0,0.38924557,0.664269912
118.1534487,36.74407741,0,0.171397567,0.492164433,0.663562
118.4424955,37.11929736,0.129041255,0.193960047,0.339817107,0.662818408
115.3267806,35.11053755,0,0.157669604,0.502430856,0.66010046
118.0582501,35.31806669,0,0.199880695,0.458756536,0.658637232
116.5539058,35.39858574,0.404521402,0,0.252949804,0.657471206
118.1692296,36.77475168,0,0.161995494,0.493371546,0.655367041
118.061911,38.08310624,0,0.198370755,0.456795484,0.655166239
116.7455769,35.50299244,0,0.172216678,0.482588768,0.654805446
119.1327883,36.63989885,0,0,0.654529437,0.654529437
118.3211684,34.62549502,0.408819731,0.244788011,0,0.653607742
116.2180293,36.61440667,0,0.17803688,0.474724561,0.652761441
117.8159833,36.11412143,0,0.199578917,0.452535927,0.652114844
119.0724632,37.11359867,0,0.196698046,0.454666466,0.651364511
120.3181209,36.28638448,0,0,0.651227467,0.651227467
117.5748035,34.81503971,0.191217935,0.290660985,0.169016719,0.650895639
120.4621529,36.18049121,0,0.199657166,0.44987762,0.649534786
119.7106311,35.64296337,0,0.064500892,0.583843827,0.648344719
115.4755581,36.49493686,0.291366202,0,0.356167316,0.647533518
120.4164243,36.45529555,0,0.197451997,0.44982934,0.647281337
117.6960554,35.78663406,0,0.097122788,0.549144864,0.646267653
121.1345316,37.57099349,0,0.193010306,0.452853695,0.645864001
118.8270703,35.59481459,0.299659503,0,0.344992995,0.644652498
119.7295758,35.63281151,0.447099656,0.196864509,0,0.643964165
115.6213766,35.05428326,0,0.198654377,0.444526225,0.643180603
122.3630494,36.86252902,0,0.166413033,0.476525933,0.642938966
115.5590584,34.88965863,0,0.155545115,0.485917583,0.641462699
119.4639862,36.86762145,0,0.193687558,0.445832938,0.639520496
119.1796809,36.60357843,0,0.148062456,0.489916623,0.637979078
118.0447163,36.77183119,0,0.181406987,0.45622018,0.637627167
118.0482107,36.75664883,0,0.185664165,0.450280726,0.635944891
115.9991386,36.42411809,0.27284376,0,0.362942785,0.635786545
115.6224996,35.66553432,0,0.171194112,0.464391649,0.635585761
119.0722305,37.12005583,0,0.198852646,0.436692774,0.635545421
115.5318186,35.28831802,0,0.187662148,0.447393954,0.635056102
120.4575252,36.12064432,0,0.190537095,0.444217712,0.634754807
116.3468952,37.51196358,0,0.233606329,0.400028944,0.633635273
119.0363364,37.1317235,0,0.199141228,0.434150577,0.633291805
116.8914711,36.67904735,0,0.280995016,0.351521373,0.632516389
115.7350297,36.85623437,0.519322169,0.113035858,0,0.632358027
117.8395994,37.35976804,0,0.095698154,0.53593272,0.631630874
118.3728868,37.4232031,0,0.193958449,0.436530828,0.630489278
115.7546266,36.12320835,0.42298793,0,0.206215799,0.629203728
118.6652195,37.24512642,0,0.22497122,0.403946996,0.628918216
116.194455,36.5906845,0,0.189901013,0.435433805,0.625334818
116.5752036,36.27629403,0.374087504,0.250829425,0,0.624916929
120.3418203,37.68088319,0.45477788,0.169589067,0,0.624366946
119.9754056,35.84865099,0.424017737,0.199623835,0,0.623641572
118.7660841,36.89444195,0,0.176431084,0.446966916,0.623398
117.2608324,36.72394304,0,0.187610567,0.435177147,0.622787714
119.7807466,35.60705137,0,0.140535927,0.48149237,0.622028297
116.5450842,37.35310556,0.389100118,0.232034444,0,0.621134562
120.1484027,36.06182532,0,0.153243911,0.467119634,0.620363545
118.0570766,37.57846075,0,0.183936838,0.435672909,0.619609747
115.5322734,34.89147894,0,0.22186815,0.393380731,0.615248882
117.7745114,38.09531026,0.254190153,0,0.360583097,0.61477325
115.2802467,35.18060782,0.253654021,0,0.360445738,0.614099759
117.8162663,36.11087428,0,0.282637424,0.330348194,0.612985617
122.0969476,37.20051599,0,0.186996257,0.425727725,0.612723982
116.7965935,36.79984138,0,0.178582525,0.433110356,0.611692882
118.2194347,36.67992004,0,0.121647525,0.489978909,0.611626434
118.4852104,37.46089598,0,0.070233911,0.541360617,0.611594528
118.0896769,36.73861953,0.203514576,0.229106703,0.178429961,0.61105124
118.9184977,37.25694195,0.417388687,0,0.19310686,0.610495547
117.9759948,38.00451005,0,0.174096227,0.435526043,0.60962227
118.0513977,36.93246223,0.253428894,0,0.355606019,0.609034914
118.235826,37.54270628,0,0.120410466,0.488604695,0.609015161
116.0869924,36.27671847,0,0,0.608933114,0.608933114
117.1402103,36.67457977,0,0.178260732,0.430470496,0.608731228
118.6012093,37.02997701,0,0.192233884,0.416256517,0.608490402
119.103545,37.06364194,0,0.185674397,0.422605038,0.608279434
118.6681249,35.5020309,0,0.162668014,0.444629699,0.607297713
115.8516391,34.96833606,0,0.255623865,0.351417929,0.607041794
116.9465683,35.55545034,0,0.175431538,0.431326598,0.606758136
116.1013957,35.97769393,0,0.258891131,0.347771227,0.606662358
118.5987706,36.57585796,0,0.109550738,0.496640176,0.606190914
117.765202,38.09715134,0,0.175157213,0.430880219,0.606037432
116.9415625,35.45318474,0,0.198663568,0.407049567,0.605713135
116.5259025,36.22945479,0.285615992,0,0.318935186,0.604551178
119.3568837,35.16025159,0,0.320785534,0.283514917,0.604300451
115.8749062,36.90069972,0,0.218075342,0.385627121,0.603702462
115.5658894,35.57839211,0.366395468,0.23556584,0,0.601961307
117.3513027,34.82783718,0,0,0.601432487,0.601432487
119.5471815,36.99834142,0,0.117483044,0.483796358,0.601279402
118.0874749,36.74654288,0,0.185752666,0.414243698,0.599996364
117.270302,34.99480802,0,0.105324447,0.494135022,0.599459469
119.2822519,35.09237971,0,0.159243262,0.439947903,0.599191165
120.4599779,36.12169861,0,0.199607146,0.397720277,0.597327423
117.1993034,35.08752072,0,0.190192859,0.406571001,0.59676386
117.4457433,36.8932743,0.154059863,0.154812241,0.285664231,0.594536334
118.3534547,34.96772366,0.420752334,0.173738148,0,0.594490482
115.5307661,35.63902722,0,0.131233084,0.463125408,0.594358492
115.7725179,34.6155468,0,0.192244327,0.400518507,0.592762834
121.2730364,37.46975459,0,0.191826829,0.400256097,0.592082926
119.7600472,35.60700928,0.59119927,0,0,0.59119927
116.8904202,36.67107213,0,0.076526272,0.512929678,0.58945595
118.0842965,36.87175614,0,0.077737176,0.511656776,0.589393952
119.194715,36.72691173,0,0.265186652,0.324202687,0.589389338
119.1970624,36.69856298,0,0.199499261,0.389854699,0.589353961
117.6288892,36.20737521,0.423879854,0.164102805,0,0.587982658
117.8589489,36.89967841,0.489779929,0.093075407,0,0.582855335
118.2356396,36.94789252,0,0.102568138,0.479534596,0.582102734
116.0835076,35.79878994,0,0.13181622,0.448278069,0.58009429
115.7971262,34.68276092,0,0.200950008,0.378994048,0.579944055
117.4297978,35.11010248,0,0.177049243,0.401851088,0.578900331
121.2482638,37.56731068,0,0.189116299,0.389597058,0.578713357
117.637478,37.7367969,0.299917477,0.278280434,0,0.578197912
117.144561,36.68026102,0,0.337090388,0.240082473,0.577172861
117.5317334,36.31323001,0.419101923,0,0.15742518,0.576527103
117.6866495,36.13673606,0,0.190053236,0.385267079,0.575320315
118.2893167,36.81300826,0,0.193009174,0.379640996,0.57265017
117.5282533,34.92542607,0.286120677,0.285907606,0,0.572028283
116.9969029,36.58480778,0,0.109500897,0.462096572,0.571597469
116.8141277,35.31845549,0,0.087908769,0.481525898,0.569434667
118.8044258,35.56336168,0,0.136569607,0.432246506,0.568816113
117.4200427,35.64773951,0,0.176148266,0.392572626,0.568720892
116.5598948,35.4601166,0.424051092,0.14391878,0,0.567969873
117.5674416,36.10258876,0,0.187722551,0.379622281,0.567344832
119.0436549,37.05810807,0,0.107665884,0.45921129,0.566877174
122.0520129,37.20808822,0,0.183813787,0.382283419,0.566097206
115.5512999,35.2192279,0,0.361327612,0.203929469,0.565257081
118.3330349,37.1879011,0.297031313,0,0.267290115,0.564321429
120.5237432,36.14234412,0,0.197642457,0.365876824,0.563519281
117.251296,34.76471155,0,0.138443232,0.424545586,0.562988818
116.1848621,36.59625711,0.444719488,0.117709063,0,0.562428551
119.1260271,35.14647656,0,0.191002429,0.371368885,0.562371314
117.0209442,35.21091752,0,0.222565133,0.339611262,0.562176395
119.5450329,36.05269037,0.092252567,0.101051283,0.368735075,0.562038925
117.2196464,36.68335626,0,0,0.560827717,0.560827717
115.5338364,35.23829498,0,0.169504303,0.390284985,0.559789288
117.7215999,35.83953149,0,0.217836138,0.340628386,0.558464524
120.6619239,36.34435709,0.163448864,0.10462414,0.289437681,0.557510686
118.2003897,36.78977343,0.257614842,0,0.299646705,0.557261547
117.0628928,36.02555849,0,0.195001911,0.361771047,0.556772959
116.8493208,36.00057197,0.390096449,0.166086805,0,0.556183253
118.4250632,37.10818986,0.33544796,0,0.220352352,0.555800312
120.0455045,36.07789679,0.423991994,0.131405127,0,0.555397121
115.5466835,35.21145065,0,0.198750794,0.356383175,0.555133969
118.6309408,34.93612339,0.242883611,0.083417845,0.227894992,0.554196447
117.6746891,35.85871449,0,0.135086966,0.417924076,0.553011042
118.0896212,36.70249491,0,0.124698296,0.426849023,0.551547318
119.2168408,35.16455465,0.299330771,0,0.249849796,0.549180567
117.10717,36.77778985,0,0,0.547496818,0.547496818
117.0271644,35.95278179,0.292120922,0.255295801,0,0.547416723
117.7843785,35.87503613,0,0.084673685,0.461174861,0.545848545
117.8119797,36.11345031,0,0.199809754,0.345565557,0.545375311
117.5385519,34.73895428,0.299792647,0,0.245097846,0.544890493
118.158498,36.19707393,0,0.178939283,0.365913093,0.544852376
115.6058449,35.67211161,0,0.174951231,0.36898528,0.543936512
120.2955019,36.27620041,0,0.112975657,0.430595741,0.543571398
117.1024926,35.11945373,0,0,0.542637646,0.542637646
116.7108306,35.50967137,0,0.183482265,0.356576234,0.5400585
119.1134558,37.05193478,0.53981109,0,0,0.53981109
120.2556738,37.60679376,0,0.320283624,0.219263732,0.539547357
118.2197077,37.51455728,0.120902887,0,0.417615086,0.538517973
116.9744657,35.55496429,0,0.198061061,0.340332091,0.538393152
118.2081228,37.19088183,0,0,0.537534729,0.537534729
118.5515327,37.8845392,0,0.146557081,0.389771223,0.536328304
117.2245114,36.69433646,0,0.078697908,0.4566513,0.535349208
117.5390702,36.18935121,0,0.155266726,0.379879326,0.535146052
115.5407748,35.56681923,0,0.199005163,0.336096913,0.535102075
118.606333,37.42780501,0,0.189367199,0.345531821,0.53489902
117.7505761,36.63731335,0,0.213845616,0.320654988,0.534500604
116.8440311,37.7397629,0,0.163069975,0.371350408,0.534420383
118.2457351,34.90953424,0.424020038,0.109575963,0,0.533596001
121.7382807,36.86072444,0,0.151286315,0.381490588,0.532776903
117.0930493,36.72364736,0,0.137380791,0.395378947,0.532759738
116.3639929,37.47497534,0,0.306454052,0.225147277,0.531601329
118.2907258,34.95340664,0,0.140648842,0.389938682,0.530587524
118.015274,38.00719822,0.406882499,0.123414695,0,0.530297195
117.2495603,34.76272818,0.29917742,0,0.2311171,0.53029452
120.5074215,37.61743314,0.299560976,0.07080363,0.159835964,0.530200571
118.3116906,34.61794969,0.29974705,0.230151708,0,0.529898758
119.4128233,37.02052593,0,0.19907397,0.33035171,0.529425681
117.2699584,36.74001404,0,0.067934763,0.461308956,0.52924372
117.7421574,38.08222355,0,0.156731772,0.371782452,0.528514224
117.8513964,37.04974444,0.090923694,0,0.43723774,0.528161433
117.2295452,35.12314251,0,0.196481502,0.330456465,0.526937968
115.7384211,36.87795321,0,0.212296828,0.314574569,0.526871397
115.6856887,34.66895861,0,0.097034532,0.429049522,0.526084054
116.9344982,35.6072746,0,0.178315639,0.347649395,0.525965035
118.8533384,35.16580379,0,0.10180825,0.423830599,0.525638849
118.8494809,37.43145641,0,0.198801589,0.326606899,0.525408489
117.7881465,35.88148787,0,0.191119623,0.333890319,0.525009942
118.4277961,37.99487195,0.298038769,0,0.226785228,0.524823996
120.3165039,36.27456245,0,0,0.524164937,0.524164937
117.8294694,36.11125764,0,0.091775882,0.431115478,0.522891361
121.0306202,37.11190034,0.299768364,0,0.222411007,0.522179371
119.7610704,35.69539713,0,0.115807521,0.405964077,0.521771598
117.6977736,35.85714919,0.389987668,0.131102169,0,0.521089836
115.6809669,34.60249926,0,0.238066429,0.281588465,0.519654894
116.8478933,36.63852322,0,0.124232435,0.394538492,0.518770927
118.3282232,37.27595443,0.299663812,0.218894361,0,0.518558173
117.035425,36.56357363,0,0.153144562,0.365201116,0.518345678
117.7133609,35.84566961,0,0.216177955,0.30213064,0.518308594
115.4579463,35.01601022,0,0.198908365,0.318252385,0.517160749
116.9298929,35.32611453,0.280541539,0.236548749,0,0.517090288
115.5419174,35.54480576,0,0.17745912,0.338892967,0.516352087
118.1255836,36.87741429,0,0.277439984,0.238482162,0.515922146
117.2165443,36.68053891,0,0.142415321,0.373456806,0.515872127
116.3971831,35.80875786,0.299158895,0.214408183,0,0.513567078
119.2202171,36.67220132,0,0,0.513062611,0.513062611
119.3486839,35.15744847,0.354239866,0.158243322,0,0.512483189
117.1794113,36.98903513,0,0.064597142,0.44770211,0.512299252
117.090178,36.70820621,0,0.197001135,0.313373893,0.510375029
121.3040414,37.54805502,0,0.331603059,0.178768724,0.510371783
115.7642126,36.12031693,0.299681872,0.209814371,0,0.509496243
120.4239544,36.39850684,0.221642965,0,0.28768006,0.509323025
118.043604,36.81919605,0,0.065662426,0.442019641,0.507682067
117.6303868,36.85542925,0.420688975,0.086793393,0,0.507482368
118.4349435,35.8459954,0.27655533,0,0.23048383,0.50703916
120.2802812,37.56226441,0.506528291,0,0,0.506528291
117.4926615,34.84212653,0,0.111161661,0.39525485,0.506416512
116.0574177,34.77829136,0,0.080700207,0.425640851,0.506341058
115.458539,35.25070624,0,0.199060965,0.306763262,0.505824226
118.1887007,36.79648587,0,0.137889397,0.367005557,0.504894954
119.1881409,36.63344304,0,0,0.50428059,0.50428059
116.6955905,36.06088481,0,0.193900597,0.309936762,0.503837359
117.3801874,34.81033717,0,0.18530792,0.318526,0.50383392
117.1205855,36.8552149,0,0.111546743,0.391946435,0.503493178
117.7904182,36.76818253,0,0.191715153,0.311291873,0.503007026
118.235345,36.78220256,0,0.22690029,0.27596125,0.50286154
117.2341551,34.99952709,0,0.11828022,0.38420862,0.50248884
118.5446148,36.98111139,0,0.182360768,0.319761455,0.502122223
118.2591274,36.78078627,0.436696037,0.064854676,0,0.501550713
118.524872,37.39967963,0.367658503,0.132174414,0,0.499832917
116.798081,35.53539599,0.299750948,0.200068863,0,0.499819811
119.2103315,35.09906047,0.361665972,0.13799578,0,0.499661751
120.5032196,36.85629747,0.298768008,0,0.200008124,0.498776132
116.0701733,35.44479052,0,0.191224742,0.30747959,0.498704332
117.2176513,36.69188125,0,0,0.497666717,0.497666717
118.8449953,36.86449346,0,0.199060965,0.298191518,0.497252482
119.9624004,36.73886926,0,0.176076982,0.321077138,0.49715412
117.8065908,36.1060422,0.299882358,0.196697032,0,0.496579391
116.785035,35.34569568,0.327262005,0.168536389,0,0.495798394
116.3908553,35.41657805,0,0.198093879,0.297056586,0.495150465
