Longitude,Latitude,condensing_tower,chimney,power_plant_unit,total_score,probs0,probs1,preds
118.2102053,36.7853194,0.565110624,0.334369493,1.769473344,2.66895346,1.53E-09,1,1
117.8906602,37.34658194,0.784999735,0.220921054,1.651999235,2.657920025,4.70E-12,1,1
118.0681292,36.74941565,0.518889839,0.282753511,1.646951497,2.448594846,2.35E-07,0.999999762,1
118.849993,36.73977936,0.519258079,0.345301664,1.478142381,2.342702124,4.01E-11,1,1
116.513501,36.21154662,0.542590526,0.392811905,1.087581545,2.022983976,3.15E-10,1,1
116.3663598,37.51401929,0.50505082,0.218724417,1.286143243,2.00991848,7.96E-10,1,1
119.036784,35.17252313,0.653989077,0.256612899,0.96646148,1.877063456,6.04E-07,0.999999404,1
115.9096077,36.46694984,0.737067786,0.317773297,0.778971672,1.833812756,1.31E-08,1,1
118.7523938,37.02249199,0.515339763,0.316099024,0.968920112,1.800358899,8.08E-06,0.999991894,1
116.9403347,34.86739629,0.660977969,0.233721817,0.84656778,1.741267565,0.000426523,0.999573529,1
117.1351329,36.07626419,0.404729093,0.312122446,0.987638116,1.704489655,0.011586479,0.988413513,1
116.5623412,35.09339337,0.537635449,0.234089642,0.920695335,1.692420426,5.27E-10,1,1
117.0012643,36.70758033,0.424013464,0.337762318,0.917166114,1.678941895,1.14E-08,1,1
119.4070626,36.01585321,0.423843439,0.276014148,0.905799598,1.605657184,0.019236496,0.980763555,1
118.2956796,35.24888696,0.542180908,0.096491921,0.930995405,1.569668233,0.001297005,0.998703003,1
118.0547738,36.75964952,0.643958285,0.104036283,0.772909909,1.520904478,0.035063587,0.964936376,1
118.1306057,37.15882144,0.42277929,0.164499331,0.918517709,1.505796329,0.000302949,0.999697089,1
118.4046758,37.07828088,0.423936866,0.169379167,0.896433085,1.489749118,0.018298371,0.981701612,1
118.1697856,36.79706655,0.620552846,0.159097154,0.706412435,1.486062436,8.70E-07,0.999999166,1
118.9511067,36.97199941,0.299284852,0.275213619,0.910260975,1.484759446,0.000109859,0.999890089,1
117.9419774,36.65310937,0.484684159,0.282136104,0.694169462,1.460989724,0.018635109,0.981364906,1
118.8062746,36.69620445,0.423429814,0.257643145,0.763858676,1.444931635,0.024297861,0.975702167,1
119.0316731,37.12971896,0.67022444,0.280757843,0.480449408,1.431431691,0.003103449,0.996896505,1
118.5292593,36.99429181,0.598049855,0.32013207,0.494599491,1.412781417,0.10510882,0.894891202,1
117.9904296,37.47838163,0.423912501,0,0.952094108,1.376006609,0.035546362,0.964453578,1
120.1318716,36.01216499,0.423753514,0.182505763,0.767550975,1.373810252,0.000146967,0.999853015,1
116.1561153,36.24082487,0.624935656,0.355227226,0.382016271,1.362179154,0.076764092,0.923235893,1
119.4771314,36.07638909,0.423849243,0.17723731,0.760585517,1.361672069,0.022040043,0.977959931,1
118.3061149,34.95758177,0.650430995,0.209583296,0.485015124,1.345029415,0.000193526,0.999806464,1
115.5417126,34.90508752,0,0.213726922,1.123444393,1.337171315,0.003405699,0.99659425,1
118.1638235,37.70600896,0.517720872,0.3371286,0.481723905,1.336573376,0.090405412,0.909594595,1
117.8116673,36.10846645,0.500719187,0.379624177,0.452483207,1.33282657,0.002026948,0.997973025,1
118.073484,38.07715493,0,0.339188391,0.988895029,1.32808342,0.02165048,0.978349566,1
115.3494278,35.81644613,0.629122012,0.198832738,0.496377796,1.324332546,0.148148626,0.851851344,1
118.0808913,36.86677123,0.421722728,0.178957868,0.705992028,1.306672623,0.027093614,0.972906411,1
117.7078926,34.5745089,0.418649957,0.083256906,0.780427665,1.282334528,0.002551726,0.997448325,1
116.4756613,35.48868976,0.667951277,0.198437941,0.41515407,1.281543287,0.219548553,0.780451417,1
116.7379867,35.42746945,0.518545714,0.275759732,0.481769055,1.276074502,0.016153319,0.983846664,1
117.7766145,37.35929127,0.487845222,0.169515491,0.617555812,1.274916525,0.001807626,0.99819237,1
120.218647,36.03890882,0,0.439207796,0.833821803,1.273029599,2.69E-05,0.999973059,1
116.4385863,37.18512732,0.515502591,0.273852242,0.483133256,1.272488089,0.014307305,0.985692739,1
115.6876499,35.2533675,0.594718069,0.165712739,0.493834972,1.25426578,0.0330812,0.966918766,1
117.7973134,36.88712868,0.299932355,0,0.954203635,1.25413599,0.006928237,0.993071735,1
120.3293566,36.1125334,0,0.280832974,0.964289874,1.245122848,0.039286565,0.960713446,1
119.5105782,35.34579788,0,0.24644638,0.992549866,1.238996246,0.040065486,0.959934592,1
122.0771461,37.17536963,0.599554253,0.168768537,0.466024458,1.234347248,0.052189186,0.947810769,1
120.3130406,37.680906,0.295695627,0.25873313,0.673427135,1.227855892,7.25E-05,0.999927521,1
116.8966708,35.44385596,0.534919399,0.199687731,0.477826655,1.212433785,0.034587752,0.965412259,1
120.31513,36.07766987,0,0.125103211,1.07907325,1.204176462,0.046855155,0.953144848,1
116.319431,35.7728462,0,0.275015014,0.912876159,1.187891173,0.039881177,0.96011883,1
118.0402075,36.97808075,0.421357213,0.26828859,0.497480512,1.187126315,0.039209273,0.960790694,1
116.4712378,37.21066671,0,0.342453637,0.843470722,1.18592436,3.25E-05,0.999967575,1
118.2006492,36.86894746,0.100703984,0.249157189,0.830675185,1.180536359,0.030430106,0.969569862,1
115.7712136,36.87580023,0,0.271860287,0.898895264,1.17075555,0.024653919,0.975346029,1
117.1785899,35.63694026,0.517810451,0.177466691,0.474921197,1.170198339,0.050418977,0.949580967,1
118.4968448,36.72019492,0.42391656,0.246154201,0.499110907,1.169181668,0.045248725,0.954751253,1
117.4075641,36.728793,0.424094904,0.262624945,0.479540676,1.166260525,0.122861937,0.877138078,1
121.1953015,37.55188981,0,0,1.164921269,1.164921269,0.004556685,0.995443344,1
119.7702734,36.43212755,0.299924165,0.38115049,0.480681539,1.161756194,0.043796133,0.956203818,1
117.1099625,34.94016531,0.492915434,0.186976933,0.481648058,1.161540425,0.081806086,0.918193936,1
117.7001449,36.94434477,0.298003185,0.194968009,0.667246208,1.160217401,0.000341485,0.999658465,1
116.2553146,37.47045114,0,0.179514503,0.978535652,1.158050156,0.069053762,0.93094629,1
118.0943943,36.79480622,0.599769053,0.19838016,0.356923282,1.155072495,0.000217402,0.999782622,1
118.1708789,36.77680445,0,0.281124461,0.870819539,1.151944,0.040057901,0.959942162,1
115.828814,36.49029072,0,0.266345753,0.884260893,1.150606646,0.040398225,0.9596017,1
118.4898431,37.00879004,0.489236315,0.179215341,0.480389237,1.148840893,0.170590028,0.829410017,1
122.1216471,37.33157944,0.463164662,0.190521949,0.494958609,1.14864522,0.000494353,0.999505639,1
117.4849107,37.02436843,0.599855447,0.157351065,0.390009612,1.147216123,0.009141872,0.990858138,1
116.242032,37.44890319,0,0.274899035,0.849008501,1.123907535,0.040443383,0.959556639,1
115.9699941,36.48002178,0.423819858,0.19983325,0.497173518,1.120826626,0.047631484,0.952368557,1
116.4732814,35.48573878,0.423571554,0.273688021,0.421937078,1.119196653,0.000974921,0.999025106,1
117.4614397,36.9014394,0.298899132,0.265998118,0.551831484,1.116728733,0.000140171,0.99985981,1
118.0798272,37.00751168,0.423383562,0.201030007,0.491909891,1.11632346,0.00040096,0.99959904,1
118.0396709,37.37775926,0.423632511,0,0.691944331,1.115576842,0.036435775,0.963564217,1
116.8443523,37.18325681,0.423990907,0.199396861,0.480970711,1.104358478,0.047608994,0.952391028,1
117.5137865,34.8290963,0.424139689,0.196286225,0.482420534,1.102846448,0.003483825,0.996516109,1
117.0670013,36.05172004,0.424033176,0.18314301,0.49483943,1.102015616,0.047597758,0.952402174,1
118.4525276,37.97838124,0,0.157014755,0.940201342,1.097216097,0.043482106,0.956517875,1
118.1661228,37.14374818,0.423559163,0.183134365,0.488951594,1.095645121,0.000369256,0.99963069,1
118.3839583,37.41459263,0.102828035,0.284957435,0.701253369,1.089038839,0.006172433,0.993827522,1
118.1339311,36.88576238,0.51927531,0.092457068,0.47315833,1.084890707,0.000168891,0.99983108,1
118.5313811,37.40064039,0,0.317123658,0.75800705,1.075130708,0.022290684,0.977709293,1
120.370781,36.17774236,0.424061005,0.19973321,0.450011671,1.073805885,0.047569126,0.952430844,1
117.841557,36.47099963,0.477471855,0.236286688,0.359447092,1.073205635,0.000594287,0.999405742,1
116.6655586,35.27039374,0.505927922,0.110912085,0.456283063,1.07312307,0.001590464,0.998409569,1
118.3244156,35.00317472,0.424055265,0.147029984,0.496372849,1.067458098,0.047455631,0.952544391,1
118.0963239,36.7001544,0.386834911,0.19444524,0.484955221,1.066235373,0.047481373,0.952518642,1
116.6246856,35.41124411,0.519139469,0.247392046,0.298195839,1.064727353,0.032004502,0.967995465,1
117.8629392,36.89682728,0.135498038,0,0.928957224,1.064455262,0.059961881,0.940038145,1
116.2295649,36.61437583,0.382599476,0.194786356,0.484820396,1.062206227,0.002617634,0.997382343,1
117.6276317,36.22256009,0.402095564,0.185256255,0.47119996,1.058551778,0.047480386,0.952519655,1
120.436846,37.3884656,0.422486441,0.180198407,0.455750912,1.058435761,0.047506917,0.952493131,1
119.3633564,35.15172058,0.298467708,0.297431265,0.462350905,1.058249878,0.123259969,0.876739979,1
118.1864502,36.18230096,0.298248321,0.260504107,0.495198607,1.053951036,0.068040714,0.931959212,1
116.7108993,36.19737605,0.298468977,0.28122703,0.473992974,1.053688981,0.053353764,0.946646214,1
118.5316959,36.81088834,0.316698945,0.274825067,0.460425854,1.051949866,0.035654869,0.964345157,1
115.5337605,35.24164811,0,0.271506491,0.779052258,1.050558749,0.041188493,0.958811462,1
119.7195498,35.62940881,0,0.300324142,0.747876853,1.048200995,0.029439408,0.97056061,1
121.031785,37.47579986,0.29985441,0.249638936,0.491032809,1.040526155,0.000769082,0.999230981,1
117.2168771,35.66504734,0.277485884,0,0.762224466,1.039710349,0.039309084,0.960690916,1
116.3042924,37.16074462,0.355681478,0.199700737,0.482333809,1.037716024,0.070714705,0.929285288,1
117.1170057,35.89560842,0.42403554,0.141657436,0.471881479,1.037574455,0.04740528,0.952594697,1
120.4179429,36.31304124,0.36616704,0.168399259,0.496250927,1.030817227,0.04900948,0.950990498,1
116.3343402,36.48653202,0,0.257685326,0.772517145,1.030202471,0.032451488,0.967548549,1
116.2683704,36.35376304,0.423919189,0.111837292,0.493649751,1.029406232,0.010318819,0.989681184,1
117.5391265,34.74233819,0.299895501,0.237255847,0.488601357,1.025752704,0.054260463,0.945739567,1
115.6402657,35.07898383,0,0.220241265,0.804262608,1.024503873,0.042643752,0.957356215,1
119.491563,35.38326447,0.299751163,0,0.723893821,1.023644984,0.05761528,0.94238466,1
120.5246788,36.34693008,0.299610686,0.276047528,0.440321207,1.015979421,0.000742931,0.999257028,1
116.8014744,35.53469282,0.299437648,0.252809854,0.463010371,1.015257873,0.054100286,0.945899785,1
117.5821235,34.81485218,0.296699166,0.237055913,0.480868518,1.014623597,0.001104318,0.998895645,1
118.1018967,36.89576072,0,0.062274635,0.950676143,1.012950778,0.25436461,0.74563545,1
115.574171,35.24866095,0,0.275820567,0.736278981,1.012099548,0.041441675,0.958558261,1
119.2081934,36.69658174,0.27692728,0,0.735157937,1.012085217,0.058160618,0.941839337,1
116.7899854,35.58234185,0.423793571,0.272387436,0.311650962,1.007831969,0.000272214,0.999727786,1
117.5304771,37.48013271,0.423176288,0.199118483,0.381690353,1.003985124,0.003794412,0.996205568,1
116.2219275,36.61438322,0,0.190775764,0.812013566,1.00278933,0.057602186,0.942397833,1
116.4813423,37.18552343,0.299837011,0.219850564,0.480688483,1.000376057,0.054636057,0.945363879,1
116.9485536,35.38648215,0.299704027,0.268944716,0.430687487,0.999336231,0.000476423,0.99952364,1
116.7412869,36.26015093,0.338214222,0.198510897,0.461623639,0.998348758,0.047312003,0.952687979,1
115.9834797,36.97203556,0.299804252,0.199919832,0.497410595,0.99713468,0.05536684,0.944633186,1
118.0820948,37.29703708,0.299901688,0.199881721,0.495813131,0.99559654,0.055356614,0.944643378,1
117.7758544,37.96567092,0.299726808,0,0.694886193,0.994613001,0.077784039,0.922215939,1
120.811363,37.33227778,0.299646217,0.197220218,0.496287465,0.9931539,0.055312544,0.944687426,1
116.3901996,37.44905771,0.299888885,0.199110758,0.493417412,0.992417055,0.055327624,0.944672406,1
118.5396785,37.04612729,0.42381805,0.186525261,0.379446983,0.989790294,0.047430772,0.952569187,1
119.2299006,36.64557665,0.366948575,0,0.61727187,0.984220445,0.021207035,0.978792965,1
118.5281989,36.80671569,0.250678781,0.370691063,0.359183878,0.980553722,0.000201572,0.999798477,1
117.2227301,37.74844008,0,0.176415038,0.80404672,0.980461758,0.066684656,0.933315277,1
116.0522676,36.47142639,0.298803627,0.196990657,0.48426193,0.980056214,0.055219173,0.944780827,1
117.9454716,35.38030881,0.299692976,0.199862885,0.47888431,0.978440171,0.055241108,0.944758952,1
116.975621,35.61719372,0,0.19136039,0.786104798,0.977465189,0.065061443,0.93493855,1
117.8496652,36.62510562,0.293295461,0.199517608,0.484208494,0.977021563,0.055200092,0.9447999,1
118.5362203,37.04589439,0.299881428,0.182105815,0.492063671,0.974050915,0.055050995,0.944948971,1
117.8430212,36.47425945,0.296898329,0.199659765,0.47126016,0.967818254,0.004755234,0.995244801,1
118.2229038,36.80076518,0.299827445,0.263371113,0.403278738,0.966477296,0.054223359,0.945776582,1
119.9876081,35.83674712,0.299896431,0.187732244,0.478460401,0.966089076,0.055053934,0.944945991,1
118.19718,35.7855095,0.393224893,0.272025079,0.294598818,0.95984879,0.000742031,0.999257982,1
118.0122115,35.28435278,0.299748337,0.206691572,0.448194265,0.954634174,0.000849538,0.999150515,1
116.7452543,36.56806725,0.29866004,0.257826569,0.396712244,0.953198852,0.054374795,0.945625186,1
116.0062942,36.45877165,0,0.372154233,0.580773413,0.952927647,0.001523834,0.998476207,1
117.4112355,37.0155568,0.299708641,0.193124723,0.457088768,0.949922132,0.055004545,0.944995403,1
120.1962164,35.98126534,0.29956736,0.271343695,0.377885938,0.948796992,0.107453622,0.892546415,1
118.4599988,37.55703722,0.299760264,0.154670947,0.494271457,0.948702669,0.000984777,0.999015212,1
116.189905,36.84460705,0.517442397,0,0.430739254,0.94818165,0.000917363,0.999082685,1
120.4430013,36.86848936,0.29979279,0.151872277,0.495993078,0.947658145,0.054619756,0.945380211,1
115.5283404,35.23833148,0,0.154444456,0.793111226,0.947555682,0.001406193,0.998593748,1
116.2430222,37.46274954,0,0.199587595,0.744478375,0.94406597,0.066823207,0.933176816,1
118.7687065,35.57552904,0.299505615,0,0.641195759,0.940701374,0.112964399,0.887035608,1
118.6111806,35.75958591,0.423052604,0.16643666,0.349380642,0.938869906,0.101348929,0.898651123,1
119.1329787,37.01609041,0.299825335,0.175201056,0.461246192,0.936272583,0.055672411,0.944327533,1
118.2009059,37.51506589,0.299748874,0.177938938,0.458008945,0.935696757,0.006002765,0.993997216,1
116.5560499,35.39345808,0.5998566,0,0.330002367,0.929858968,0.042374305,0.957625747,1
119.2253294,36.04275524,0.350766013,0.125414956,0.451553375,0.927734343,0.010977951,0.989022017,1
120.3206129,36.30885462,0.299513555,0.148291218,0.47396934,0.921774113,0.05444378,0.945556223,1
116.2798333,35.36282437,0,0.092767906,0.827630579,0.920398486,0.084750548,0.915249467,1
117.2017328,36.20348808,0.299881357,0.197580361,0.421721965,0.919183683,0.054860476,0.945139587,1
120.3873636,36.05512291,0.206821152,0.225257701,0.486731604,0.918810457,0.264184624,0.735815465,1
116.6645679,35.42524343,0.299881572,0.226863117,0.391405702,0.91815039,0.054986082,0.94501394,1
116.7864688,35.75081472,0.299802464,0.184660363,0.43341881,0.917881638,0.054736003,0.945263982,1
116.0143173,36.4816792,0.424055505,0.255704205,0.237540364,0.917300074,0.059222843,0.940777183,1
119.1511171,36.63543185,0.423819896,0,0.493238688,0.917058583,0.049265344,0.950734675,1
117.0529214,36.03217525,0.51325244,0.171793103,0.230809912,0.915855456,0.003371241,0.996628702,1
116.2231908,36.88312389,0.423877907,0,0.491959542,0.915837449,0.049266048,0.95073396,1
117.0866598,36.70712171,0,0.291634542,0.623604596,0.915239138,0.022436572,0.977563441,1
115.6823771,36.25450423,0.295392108,0.127366447,0.49062258,0.913381135,0.054540318,0.945459664,1
117.1206653,35.06833447,0.267089349,0.153005731,0.488108814,0.908203894,0.054502726,0.945497274,1
120.4710436,37.59277956,0.445811817,0.16451683,0.295737535,0.906066183,0.000170269,0.99982965,1
118.706157,36.86111386,0.423715317,0.121875418,0.358652264,0.904242999,0.146035984,0.853964031,1
116.0303189,35.80959067,0.299364656,0.182651758,0.421330333,0.903346747,0.054629173,0.945370793,1
121.1254255,37.69460671,0.2913598,0.178523314,0.43073225,0.900615364,0.113644816,0.886355162,1
116.6611371,35.35910612,0.423964822,0,0.47604391,0.900008732,0.049276166,0.950723827,1
115.5220531,35.2642368,0,0.139074934,0.754452735,0.893527669,0.078944191,0.921055794,1
117.809923,37.1615964,0.423875593,0,0.469264239,0.893139832,0.002536013,0.997463942,1
117.8361262,36.81732227,0.423792091,0.130005872,0.338929862,0.892727825,0.002991633,0.997008383,1
117.6818096,36.13332527,0.424154179,0,0.467422605,0.891576784,0.092002027,0.907997966,1
118.5073803,37.01275192,0.423292247,0,0.463755697,0.887047944,0.002574465,0.997425497,1
120.2511694,36.26421408,0.299194604,0,0.584910989,0.884105593,0.203947932,0.796052039,1
118.6984429,36.85823328,0.538313565,0,0.342872441,0.881186005,0.116561219,0.883438766,1
116.1521446,36.35418594,0.487346698,0.100427461,0.292290956,0.880065114,0.004086631,0.995913327,1
118.5477619,36.971791,0.299350744,0.096115551,0.482527643,0.877993939,0.054862991,0.945137024,1
117.6952201,36.92836471,0,0.28395241,0.593456894,0.877409304,0.00611634,0.993883669,1
116.9548824,36.63601363,0,0.168993425,0.707546502,0.876539928,0.07644891,0.923551083,1
115.553376,34.83257909,0.298457336,0.199274254,0.378667355,0.876398945,0.054613505,0.945386469,1
121.6157754,37.39744262,0.299839014,0.086800474,0.4896833,0.876322788,0.054657612,0.945342362,1
117.1291333,36.17350199,0.299555629,0.113567317,0.460765898,0.873888844,0.054691672,0.945308268,1
121.4988479,36.90048651,0.423623078,0,0.445539117,0.869162195,0.049296323,0.950703681,1
122.0201042,37.40894788,0.370417124,0,0.494314536,0.864731661,0.053780496,0.946219504,1
118.1168317,36.92254698,0,0.086527771,0.778140426,0.864668196,0.095070541,0.904929399,1
118.3213234,35.0493623,0.423653854,0,0.436986148,0.860640002,0.049301807,0.950698197,1
117.1027033,34.93543869,0.299902153,0.063797373,0.493976653,0.857676178,0.05521737,0.944782674,1
118.9511369,36.96817327,0.299586761,0.179622895,0.378314435,0.857524091,0.394765228,0.605234742,1
119.0398811,37.0337278,0.3635101,0,0.491637886,0.855147986,0.00283037,0.997169673,1
122.1570954,37.39968914,0.519272522,0,0.334670216,0.853942738,0.040179864,0.959820092,1
118.0799129,37.37825004,0,0.281528877,0.571122587,0.852651464,0.042800039,0.957199991,1
116.2424266,37.45225923,0,0.193838871,0.657295153,0.851134023,0.07542216,0.924577832,1
117.869433,37.1785763,0.350993859,0,0.495823622,0.846817481,0.049374279,0.950625658,1
120.4504325,36.40845995,0.299860132,0.118417454,0.42723009,0.845507675,0.054687608,0.94531244,1
115.9983363,35.44268009,0,0.189698243,0.655718327,0.84541657,0.162583947,0.837415993,1
117.8358461,36.08261488,0.424072043,0.182396352,0.224217311,0.830685706,0.058178831,0.941821158,1
116.9094593,36.80881393,0.299825656,0.193688452,0.335108131,0.82862224,0.054494198,0.945505798,1
118.8155754,35.56837287,0.299639726,0.153348434,0.373379022,0.826367182,0.054658379,0.945341647,1
117.2715616,34.8279005,0.423109452,0,0.402269572,0.825379024,0.049324978,0.950675011,1
118.1971374,36.86758887,0.416535997,0,0.404019803,0.8205558,0.049333859,0.950666189,1
120.4457501,36.23853923,0.248452771,0.185766172,0.385050327,0.81926927,0.015192281,0.98480773,1
116.6728375,36.9309055,0.406150692,0,0.41286689,0.819017582,0.000930261,0.99906975,1
117.7592251,38.10294003,0,0.185510981,0.631355882,0.816866863,0.079655543,0.920344412,1
118.4176141,37.13521412,0.37808391,0,0.434262961,0.812346871,0.049372829,0.950627208,1
116.22563,36.61371817,0,0.211154716,0.598703817,0.809858533,0.047814984,0.952184975,1
117.8960883,37.0517477,0.376116204,0,0.432620794,0.808736998,0.049376864,0.950623214,1
119.8020225,36.3897596,0.29972831,0.144384801,0.362965584,0.807078695,0.054688394,0.945311606,1
117.4825147,37.0095857,0.344366124,0,0.462305993,0.806672116,0.049406029,0.950594008,1
118.9066269,37.27032713,0.45866425,0.091899514,0.250196725,0.80076049,0.011315328,0.988684714,1
119.3776219,35.18889605,0,0.165217125,0.633606121,0.798823246,0.199820012,0.800180018,1
120.3784497,36.09260571,0.299638867,0.279954687,0.213520855,0.793114409,0.052112326,0.947887719,1
118.8473232,35.62645554,0.299950433,0,0.492593318,0.792543751,0.095953122,0.904046893,1
118.0282618,36.98115989,0,0.292965862,0.498061389,0.79102725,0.0587059,0.941294134,1
117.8339206,36.08033023,0,0.374969268,0.416041732,0.791011,0.065478094,0.934521914,1
117.054114,36.1956346,0.299881643,0.084637308,0.406429321,0.790948272,0.055903126,0.944096804,1
117.1228307,36.77405949,0,0.116075432,0.66741243,0.783487862,0.329743564,0.670256436,1
118.7728283,36.93013355,0,0.150881575,0.630710781,0.781592355,0.060921472,0.93907851,1
117.167057,36.94824323,0.299188024,0,0.48114875,0.780336773,0.097523518,0.90247643,1
121.4761741,37.42329069,0.299667817,0,0.479408979,0.779076797,0.097641282,0.902358711,1
121.5712126,37.41109713,0.299757475,0,0.478754103,0.778511578,0.097704634,0.902295291,1
117.7739713,36.91397685,0.298755312,0,0.479701877,0.778457189,0.097795285,0.902204692,1
117.7519428,36.6504704,0.423571744,0.168890059,0.18517001,0.777631812,0.046373606,0.953626394,1
117.0107606,36.60881124,0.298942977,0,0.477124155,0.776067132,0.098079875,0.901920199,1
115.9715296,35.5866594,0.299587011,0,0.476402313,0.775989324,0.098035634,0.901964366,1
117.4366755,36.89496687,0.296777809,0,0.475823909,0.772601718,0.098727264,0.901272774,1
118.801516,35.19667157,0.299632698,0.143066788,0.329219937,0.771919423,0.054621302,0.945378721,1
118.5241799,37.00276665,0.299606985,0,0.471898705,0.77150569,0.098621666,0.901378334,1
119.9210363,37.21302815,0.299715275,0,0.471480042,0.771195316,0.098653503,0.901346445,1
118.3248984,34.62667024,0.286325134,0.311013362,0.172072351,0.769410847,0.119907416,0.880092621,1
122.2099179,37.45051932,0.295669055,0.082432306,0.389831305,0.767932665,0.056472119,0.943527877,1
118.7805459,36.94241012,0,0.275420931,0.490460783,0.765881714,0.069823906,0.930176079,1
117.1681276,35.86554475,0.392779864,0.201315488,0.167484224,0.761579576,0.04781083,0.952189207,1
116.0614371,34.73810193,0.299823368,0,0.459286004,0.759109372,0.100439422,0.899560511,1
120.385331,37.36821265,0.423881295,0,0.33520323,0.759084526,0.049367074,0.95063287,1
118.4926254,36.99728939,0.299827516,0,0.458525479,0.758352995,0.100562394,0.899437666,1
116.8876509,35.94982731,0.29983272,0,0.45806396,0.75789668,0.100636341,0.899363697,1
116.4344478,36.27818028,0.419419962,0,0.33846733,0.757887292,0.008596857,0.991403162,1
118.0469354,37.46705378,0,0.261932624,0.495693356,0.75762598,0.069872357,0.930127621,1
117.7379298,36.89938827,0,0.280880448,0.474803656,0.755684104,0.069819771,0.930180192,1
115.9977896,36.45880043,0,0.270897655,0.480547041,0.751444696,0.069853522,0.930146515,1
115.9315454,36.36200056,0,0.181576269,0.568388984,0.749965252,0.003101323,0.996898651,1
119.2415721,36.64653824,0.282205993,0,0.467384547,0.74959054,0.162765726,0.837234318,1
117.5817001,36.85826192,0.266544193,0,0.482327431,0.748871625,0.051655475,0.948344529,1
116.9213799,35.32627424,0,0.280536336,0.467494965,0.7480313,0.043831773,0.956168175,1
116.4588919,37.18356798,0,0.260546777,0.487050444,0.747597221,0.069887854,0.930112123,1
120.8178213,37.29706132,0,0.086928773,0.660424739,0.747353512,0.208059281,0.791940689,1
118.5204585,36.53247802,0.299657428,0.258513899,0.187980697,0.746152024,0.055508841,0.944491208,1
119.2008662,36.48412295,0.299699467,0,0.445073396,0.744772863,0.10282705,0.897172928,1
119.5098557,35.64586006,0.280150928,0.198362446,0.26594907,0.744462444,0.044166401,0.955833614,1
116.8028316,35.32274425,0,0.280164061,0.460669398,0.740833459,0.069838777,0.930161238,1
118.0512787,37.0426805,0.121232513,0.124389505,0.492424279,0.738046297,0.094978079,0.905021906,1
120.0019081,35.94038685,0,0.256348251,0.480529994,0.736878245,0.069912247,0.930087686,1
121.2082688,37.53655692,0.257179874,0.156701764,0.322806478,0.736688116,0.150770053,0.849229991,1
119.3809646,35.19680323,0,0.140592378,0.595686629,0.736279008,0.148009643,0.851990283,1
117.1623662,36.92171495,0,0.198867905,0.536838919,0.735706824,0.088596024,0.911404014,1
116.1039506,37.19442491,0.299438077,0,0.435746491,0.735184568,0.10447257,0.895527422,1
121.9987177,37.17434899,0.290861416,0,0.443734348,0.734595764,0.051202692,0.948797286,1
119.1189044,36.74053526,0,0.338490331,0.396023422,0.734513754,0.055197194,0.944802761,1
115.1682779,34.99100893,0.29888311,0,0.431867629,0.73075074,0.105290785,0.894709289,1
121.2071046,37.57066614,0,0.310133457,0.420269877,0.730403334,0.056669232,0.943330705,1
119.3806391,36.04547394,0.29924342,0,0.430486351,0.729729772,0.105424292,0.894575715,1
121.3147874,37.53286703,0,0.253458381,0.476138592,0.729596973,0.061052933,0.938947141,1
117.7855643,36.89652162,0.297336888,0,0.430831581,0.72816847,0.105909899,0.894090056,1
116.9261871,35.32570901,0,0.258806769,0.468369484,0.727176253,0.069916174,0.930083811,1
116.7998916,37.21908006,0.299654388,0.060723084,0.366127193,0.726504666,0.057896286,0.942103684,1
116.3720802,35.99836123,0.235052557,0.294021425,0.197013378,0.72608736,0.050115805,0.949884236,1
118.6812769,37.4560916,0,0.333726238,0.391354933,0.725081172,0.033145934,0.966854095,1
120.4674985,36.14625844,0.299622685,0,0.423045486,0.722668171,0.10659492,0.89340508,1
117.7673974,34.61816932,0.423394107,0.127547836,0.171499759,0.722441702,0.002550779,0.997449219,1
117.7026899,35.86810248,0.423983168,0,0.298129708,0.722112876,0.049390838,0.950609207,1
115.8820619,35.27834901,0.297357577,0.101274347,0.320334688,0.718966612,0.113407746,0.886592269,1
118.1089868,36.93931194,0.299802679,0,0.414122015,0.713924694,0.10810215,0.891897857,1
119.5650543,37.00479135,0,0.219830097,0.493704319,0.713534416,0.070044801,0.929955184,1
119.3815207,36.93158866,0.29980554,0,0.413724244,0.713529783,0.108174972,0.89182502,1
120.4030432,36.39491392,0.299603981,0,0.413043052,0.712647033,0.108361416,0.891638577,1
119.3657324,36.85071371,0.299758834,0.164620495,0.247833014,0.712212342,0.055108435,0.944891512,1
117.4301523,35.65258598,0,0.210240259,0.501438409,0.711678668,0.000934456,0.999065578,1
115.4308481,35.28598921,0.290883905,0,0.420304835,0.71118874,0.109960914,0.890039146,1
119.0308925,37.13928976,0,0.262064097,0.44861576,0.710679857,0.069925621,0.930074394,1
118.3978942,36.42774956,0.500840575,0,0.205334023,0.706174597,0.036061645,0.963938355,1
118.6450197,37.58602673,0,0.24183082,0.462107211,0.703938031,0.069991939,0.930008113,1
115.7297629,36.86495842,0.29946658,0.161271954,0.238375455,0.699113989,0.055460788,0.944539249,1
116.6808022,36.93709634,0.227478928,0,0.47058323,0.698062158,0.042929035,0.957070947,1
117.1328513,35.91815152,0,0.199147606,0.49741137,0.696558976,0.142532974,0.857466996,1
118.6862507,37.51881085,0,0.198183751,0.497553974,0.695737725,0.143482059,0.856517911,1
119.2806576,35.10270757,0,0.199441111,0.495565861,0.695006973,0.142997831,0.857002139,1
117.4042474,36.72752512,0,0.198837399,0.495044142,0.693881541,0.143850207,0.856149793,1
118.5483066,37.55868115,0.299816108,0,0.393551379,0.693367487,0.114547074,0.885452986,1
121.1669388,37.53494483,0,0.199128842,0.493292451,0.692421293,0.144281209,0.855718791,1
117.2905943,35.15991768,0.299508923,0,0.392828465,0.692337388,0.115248837,0.884751141,1
119.1743737,36.46378817,0,0.199849248,0.492286891,0.692136139,0.143946052,0.856053948,1
118.5541601,36.46864428,0,0.198909092,0.492903084,0.691812176,0.144677669,0.855322361,1
119.2363923,36.64574055,0,0.253759954,0.437072217,0.690832171,0.069972344,0.930027723,1
116.8705636,36.67996862,0,0.199950421,0.490248352,0.690198773,0.14469941,0.855300605,1
115.515354,35.23349189,0,0,0.689744554,0.689744554,0.291034758,0.708965182,1
118.142302,36.76999023,0,0.198354077,0.48988229,0.688236368,0.146551296,0.853448689,1
120.8524461,37.80175433,0,0.195832241,0.491560847,0.687393087,0.148539081,0.851460874,1
118.1371816,35.33399235,0,0.268222637,0.415321678,0.683544315,0.069938764,0.930061221,1
117.9039713,35.321165,0,0.187389297,0.494563311,0.681952608,0.071506061,0.928493857,1
118.4967853,35.50814833,0,0.183655689,0.497773767,0.681429455,0.072180606,0.927819371,1
117.7158388,36.93534734,0.299844128,0.178326464,0.203167304,0.681337896,0.055305533,0.944694459,1
117.6719314,36.25508876,0,0.208248693,0.469990999,0.678239692,0.063507713,0.936492264,1
117.2095716,36.71589793,0,0.198769438,0.478794664,0.677564102,0.150909573,0.849090457,1
116.7849763,35.50129428,0.311592987,0,0.365696579,0.677289566,0.051909864,0.948090196,1
120.4979494,36.48578016,0,0.193097675,0.48348093,0.676578605,0.155178919,0.844821095,1
117.1249681,34.76349509,0,0.142330086,0.533216536,0.675546622,0.180675447,0.819324493,1
117.2145603,36.69109808,0.258939993,0,0.416375116,0.675315109,0.341572076,0.658427954,1
118.8489728,35.62937767,0,0.176259816,0.499029428,0.675289243,0.173997059,0.826003015,1
117.4477611,36.90429138,0,0.18065412,0.494522095,0.675176215,0.167764649,0.832235396,1
118.1928129,36.88895252,0,0.17858088,0.495981246,0.674562126,0.171348721,0.828651309,1
116.8980688,36.79907983,0,0.18937894,0.484692603,0.674071544,0.071687445,0.92831254,1
119.1987192,36.44539435,0,0.239694893,0.432926089,0.672620982,0.07003396,0.929966033,1
116.4429265,35.38456734,0,0.194577622,0.476651341,0.671228963,0.156607926,0.843392074,1
118.1623361,36.72390832,0,0.113705492,0.556912616,0.670618108,0.321259767,0.678740263,1
120.406384,37.39141255,0.298967725,0,0.370862603,0.669830328,0.134314075,0.86568588,1
117.1263447,35.0701682,0,0.180593216,0.489109874,0.66970309,0.173114747,0.826885283,1
120.4835735,36.41546708,0,0.205945543,0.460577607,0.66652315,0.070902191,0.929097831,1
118.855639,36.88713586,0,0.19797045,0.466917187,0.664887637,0.157182649,0.842817307,1
117.094308,36.68295223,0.275024343,0,0.38924557,0.664269912,0.157469034,0.842530966,1
118.1534487,36.74407741,0,0.171397567,0.492164433,0.663562,0.194594413,0.805405557,1
118.4424955,37.11929736,0.129041255,0.193960047,0.339817107,0.662818408,0.213463187,0.786536813,1
118.0582501,35.31806669,0,0.199880695,0.458756536,0.658637232,0.158744872,0.841255188,1
116.5539058,35.39858574,0.404521402,0,0.252949804,0.657471206,0.049523734,0.950476289,1
118.1692296,36.77475168,0,0.161995494,0.493371546,0.655367041,0.224803507,0.775196493,1
118.061911,38.08310624,0,0.198370755,0.456795484,0.655166239,0.161986738,0.838013232,1
116.7455769,35.50299244,0,0.172216678,0.482588768,0.654805446,0.204999283,0.795000792,1
119.1327883,36.63989885,0,0,0.654529437,0.654529437,0.003640365,0.996359646,1
116.2180293,36.61440667,0,0.17803688,0.474724561,0.652761441,0.195745945,0.804254055,1
117.8159833,36.11412143,0,0.199578917,0.452535927,0.652114844,0.162806898,0.837193131,1
119.0724632,37.11359867,0,0.196698046,0.454666466,0.651364511,0.167519048,0.832480907,1
120.3181209,36.28638448,0,0,0.651227467,0.651227467,0.055654068,0.944345951,1
117.5748035,34.81503971,0.191217935,0.290660985,0.169016719,0.650895639,0.025572414,0.974427521,1
120.4621529,36.18049121,0,0.199657166,0.44987762,0.649534786,0.165015414,0.834984541,1
115.4755581,36.49493686,0.291366202,0,0.356167316,0.647533518,0.164844319,0.835155606,1
120.4164243,36.45529555,0,0.197451997,0.44982934,0.647281337,0.170370609,0.829629362,1
121.1345316,37.57099349,0,0.193010306,0.452853695,0.645864001,0.11389225,0.886107683,1
118.8270703,35.59481459,0.299659503,0,0.344992995,0.644652498,0.161353663,0.838646352,1
115.6213766,35.05428326,0,0.198654377,0.444526225,0.643180603,0.172566921,0.82743305,1
122.3630494,36.86252902,0,0.166413033,0.476525933,0.642938966,0.234487399,0.765512586,1
119.4639862,36.86762145,0,0.193687558,0.445832938,0.639520496,0.18356882,0.816431165,1
119.1796809,36.60357843,0,0.148062456,0.489916623,0.637979078,0.30159241,0.698407531,1
118.0447163,36.77183119,0,0.181406987,0.45622018,0.637627167,0.209735811,0.790264189,1
118.0482107,36.75664883,0,0.185664165,0.450280726,0.635944891,0.128919721,0.871080339,1
115.9991386,36.42411809,0.27284376,0,0.362942785,0.635786545,0.200228408,0.799771667,1
115.6224996,35.66553432,0,0.171194112,0.464391649,0.635585761,0.234800175,0.76519984,1
119.0722305,37.12005583,0,0.198852646,0.436692774,0.635545421,0.179733068,0.820266902,1
115.5318186,35.28831802,0,0.187662148,0.447393954,0.635056102,0.200265467,0.799734592,1
120.4575252,36.12064432,0,0.190537095,0.444217712,0.634754807,0.194728091,0.805271924,1
116.3468952,37.51196358,0,0.233606329,0.400028944,0.633635273,0.062911972,0.937088072,1
119.0363364,37.1317235,0,0.199141228,0.434150577,0.633291805,0.181546822,0.818453133,1
116.8914711,36.67904735,0,0.280995016,0.351521373,0.632516389,0.061122753,0.938877225,1
118.3728868,37.4232031,0,0.193958449,0.436530828,0.630489278,0.193547204,0.80645287,1
115.7546266,36.12320835,0.42298793,0,0.206215799,0.629203728,0.049586743,0.950413287,1
118.6652195,37.24512642,0,0.22497122,0.403946996,0.628918216,0.070729874,0.929270148,1
116.194455,36.5906845,0,0.189901013,0.435433805,0.625334818,0.075458132,0.924541891,1
118.7660841,36.89444195,0,0.176431084,0.446966916,0.623398,0.242747277,0.757252753,1
117.2608324,36.72394304,0,0.187610567,0.435177147,0.622787714,0.216805652,0.783194304,1
119.7807466,35.60705137,0,0.140535927,0.48149237,0.622028297,0.357098222,0.642901778,1
120.1484027,36.06182532,0,0.153243911,0.467119634,0.620363545,0.322886586,0.677113354,1
118.0570766,37.57846075,0,0.183936838,0.435672909,0.619609747,0.077208541,0.922791421,1
115.5322734,34.89147894,0,0.22186815,0.393380731,0.615248882,0.071079232,0.928920805,1
117.7745114,38.09531026,0.254190153,0,0.360583097,0.61477325,0.104196236,0.89580375,1
115.2802467,35.18060782,0.253654021,0,0.360445738,0.614099759,0.273478925,0.726521075,1
117.8162663,36.11087428,0,0.282637424,0.330348194,0.612985617,0.048469298,0.951530695,1
122.0969476,37.20051599,0,0.186996257,0.425727725,0.612723982,0.233371645,0.766628325,1
116.7965935,36.79984138,0,0.178582525,0.433110356,0.611692882,0.25919199,0.74080795,1
118.0896769,36.73861953,0.203514576,0.229106703,0.178429961,0.61105124,0.001246459,0.998753548,1
118.9184977,37.25694195,0.417388687,0,0.19310686,0.610495547,0.050106477,0.949893594,1
117.9759948,38.00451005,0,0.174096227,0.435526043,0.60962227,0.277501315,0.722498655,1
118.0513977,36.93246223,0.253428894,0,0.355606019,0.609034914,0.289590806,0.710409164,1
116.0869924,36.27671847,0,0,0.608933114,0.608933114,0.261212349,0.738787651,1
117.1402103,36.67457977,0,0.178260732,0.430470496,0.608731228,0.266290247,0.733709753,1
118.6012093,37.02997701,0,0.192233884,0.416256517,0.608490402,0.227311283,0.772688687,1
119.103545,37.06364194,0,0.185674397,0.422605038,0.608279434,0.077798128,0.922201812,1
118.6681249,35.5020309,0,0.162668014,0.444629699,0.607297713,0.320572108,0.679427862,1
115.8516391,34.96833606,0,0.255623865,0.351417929,0.607041794,0.070062779,0.929937184,1
116.9465683,35.55545034,0,0.175431538,0.431326598,0.606758136,0.279287726,0.720712304,1
116.1013957,35.97769393,0,0.258891131,0.347771227,0.606662358,0.070053741,0.929946244,1
117.765202,38.09715134,0,0.175157213,0.430880219,0.606037432,0.281647325,0.718352675,1
116.9415625,35.45318474,0,0.198663568,0.407049567,0.605713135,0.21744132,0.78255868,1
116.5259025,36.22945479,0.285615992,0,0.318935186,0.604551178,0.143130392,0.856869638,1
119.3568837,35.16025159,0,0.320785534,0.283514917,0.604300451,0.059783034,0.940216959,1
115.8749062,36.90069972,0,0.218075342,0.385627121,0.603702462,0.000649919,0.999350131,1
117.3513027,34.82783718,0,0,0.601432487,0.601432487,0.16216968,0.837830245,1
118.0874749,36.74654288,0,0.185752666,0.414243698,0.599996364,0.261119515,0.738880515,1
119.2822519,35.09237971,0,0.159243262,0.439947903,0.599191165,0.348166198,0.651833773,1
120.4599779,36.12169861,0,0.199607146,0.397720277,0.597327423,0.227482066,0.772517979,1
117.1993034,35.08752072,0,0.190192859,0.406571001,0.59676386,0.077803195,0.922196746,1
117.4457433,36.8932743,0.154059863,0.154812241,0.285664231,0.594536334,0.060935959,0.939064026,1
115.7725179,34.6155468,0,0.192244327,0.400518507,0.592762834,0.25601238,0.74398756,1
121.2730364,37.46975459,0,0.191826829,0.400256097,0.592082926,0.077849194,0.92215085,1
119.194715,36.72691173,0,0.265186652,0.324202687,0.589389338,0.132029995,0.86796999,1
119.1970624,36.69856298,0,0.199499261,0.389854699,0.589353961,0.241712973,0.758287013,1
115.7971262,34.68276092,0,0.200950008,0.378994048,0.579944055,0.321874708,0.678125322,1
117.4297978,35.11010248,0,0.177049243,0.401851088,0.578900331,0.335474074,0.664525867,1
121.2482638,37.56731068,0,0.189116299,0.389597058,0.578713357,0.253045201,0.746954799,1
117.144561,36.68026102,0,0.337090388,0.240082473,0.577172861,0.059438493,0.940561473,1
117.5317334,36.31323001,0.419101923,0,0.15742518,0.576527103,0.041737325,0.958262622,1
117.6866495,36.13673606,0,0.190053236,0.385267079,0.575320315,0.300783426,0.699216545,1
118.2893167,36.81300826,0,0.193009174,0.379640996,0.57265017,0.295977652,0.704022348,1
117.4200427,35.64773951,0,0.176148266,0.392572626,0.568720892,0.04403799,0.955962062,1
117.5674416,36.10258876,0,0.187722551,0.379622281,0.567344832,0.170397386,0.829602599,1
122.0520129,37.20808822,0,0.183813787,0.382283419,0.566097206,0.341206521,0.658793449,1
115.5512999,35.2192279,0,0.361327612,0.203929469,0.565257081,0.275158584,0.724841356,1
118.3330349,37.1879011,0.297031313,0,0.267290115,0.564321429,0.333792627,0.666207433,1
120.5237432,36.14234412,0,0.197642457,0.365876824,0.563519281,0.301814407,0.698185623,1
119.1260271,35.14647656,0,0.191002429,0.371368885,0.562371314,0.325827837,0.674172163,1
117.0209442,35.21091752,0,0.222565133,0.339611262,0.562176395,0.073840693,0.926159263,1
119.5450329,36.05269037,0.092252567,0.101051283,0.368735075,0.562038925,0.100720711,0.899279237,1
117.2196464,36.68335626,0,0,0.560827717,0.560827717,0.086190432,0.913809538,1
115.5338364,35.23829498,0,0.169504303,0.390284985,0.559789288,0.087821439,0.912178636,1
117.7215999,35.83953149,0,0.217836138,0.340628386,0.558464524,0.075129732,0.924870193,1
120.6619239,36.34435709,0.163448864,0.10462414,0.289437681,0.557510686,0.081116423,0.918883622,1
118.2003897,36.78977343,0.257614842,0,0.299646705,0.557261547,0.06302008,0.936979949,1
117.0628928,36.02555849,0,0.195001911,0.361771047,0.556772959,0.080347285,0.91965276,1
115.5466835,35.21145065,0,0.198750794,0.356383175,0.555133969,0.316355944,0.683644056,1
118.6309408,34.93612339,0.242883611,0.083417845,0.227894992,0.554196447,0.077147923,0.922852039,1
118.0896212,36.70249491,0,0.124698296,0.426849023,0.551547318,0.496870935,0.503129065,1
119.2168408,35.16455465,0.299330771,0,0.249849796,0.549180567,0.372212291,0.62778765,1
117.10717,36.77778985,0,0,0.547496818,0.547496818,0.358833075,0.641166985,1
117.8119797,36.11345031,0,0.199809754,0.345565557,0.545375311,0.334119499,0.665880501,1
117.5385519,34.73895428,0.299792647,0,0.245097846,0.544890493,0.383097678,0.616902292,1
118.158498,36.19707393,0,0.178939283,0.365913093,0.544852376,0.397859633,0.602140367,1
117.1024926,35.11945373,0,0,0.542637646,0.542637646,0.092570879,0.907429159,1
116.7108306,35.50967137,0,0.183482265,0.356576234,0.5400585,0.391231656,0.608768344,1
120.2556738,37.60679376,0,0.320283624,0.219263732,0.539547357,0.055025551,0.944974422,1
116.9744657,35.55496429,0,0.198061061,0.340332091,0.538393152,0.352552235,0.647447765,1
118.2081228,37.19088183,0,0,0.537534729,0.537534729,0.390473843,0.609526217,1
115.5407748,35.56681923,0,0.199005163,0.336096913,0.535102075,0.355758339,0.644241631,1
118.606333,37.42780501,0,0.189367199,0.345531821,0.53489902,0.381596714,0.618403256,1
117.7505761,36.63731335,0,0.213845616,0.320654988,0.534500604,0.322490871,0.677509129,1
121.7382807,36.86072444,0,0.151286315,0.381490588,0.532776903,0.094580881,0.905419171,1
116.3639929,37.47497534,0,0.306454052,0.225147277,0.531601329,0.061332505,0.938667536,1
120.5074215,37.61743314,0.299560976,0.07080363,0.159835964,0.530200571,0.456687987,0.543312013,1
119.4128233,37.02052593,0,0.19907397,0.33035171,0.529425681,0.36541006,0.63458997,1
117.2295452,35.12314251,0,0.196481502,0.330456465,0.526937968,0.376621574,0.623378456,1
115.7384211,36.87795321,0,0.212296828,0.314574569,0.526871397,0.007603188,0.992396772,1
118.8494809,37.43145641,0,0.198801589,0.326606899,0.525408489,0.373152941,0.626847088,1
117.7881465,35.88148787,0,0.191119623,0.333890319,0.525009942,0.403449118,0.596550822,1
120.3165039,36.27456245,0,0,0.524164937,0.524164937,0.38506186,0.61493808,1
115.6809669,34.60249926,0,0.238066429,0.281588465,0.519654894,0.144255623,0.855744362,1
117.7133609,35.84566961,0,0.216177955,0.30213064,0.518308594,0.07889396,0.921105981,1
115.4579463,35.01601022,0,0.198908365,0.318252385,0.517160749,0.39049235,0.60950768,1
115.5419174,35.54480576,0,0.17745912,0.338892967,0.516352087,0.091192275,0.908807755,1
118.1255836,36.87741429,0,0.277439984,0.238482162,0.515922146,0.070406243,0.929593801,1
119.2202171,36.67220132,0,0,0.513062611,0.513062611,0.112148963,0.887851,1
117.090178,36.70820621,0,0.197001135,0.313373893,0.510375029,0.440460414,0.559539616,1
121.3040414,37.54805502,0,0.331603059,0.178768724,0.510371783,0.175829992,0.824169993,1
115.458539,35.25070624,0,0.199060965,0.306763262,0.505824226,0.449484706,0.550515294,1
117.7904182,36.76818253,0,0.191715153,0.311291873,0.503007026,0.07861609,0.921383917,1
118.235345,36.78220256,0,0.22690029,0.27596125,0.50286154,0.077874087,0.922125936,1
119.9624004,36.73886926,0,0.176076982,0.321077138,0.49715412,0.094590314,0.905409694,1
116.793415,35.34339037,0,0.247080623,0.247899517,0.49498014,0.189982474,0.810017526,1
120.3067414,36.28756557,0,0,0.494204983,0.494204983,0.250508457,0.749491572,1
117.0866895,36.65718094,0,0,0.493878856,0.493878856,0.251823872,0.748176098,1
116.0202093,36.49911047,0,0,0.49063246,0.49063246,0.265834451,0.734165549,1
118.5751843,34.91553538,0,0,0.490489148,0.490489148,0.17359513,0.82640487,1
117.1186771,34.81219173,0,0,0.489913836,0.489913836,0.268972397,0.731027663,1
116.0023769,36.50710876,0,0,0.48853676,0.48853676,0.181153879,0.818846047,1
118.3188715,35.24423297,0,0,0.487131923,0.487131923,0.280742645,0.719257355,1
122.1927283,37.4279456,0,0.213838611,0.271267503,0.485106114,0.082982786,0.917017162,1
122.0481425,37.21588299,0,0.267874501,0.215318128,0.48319263,0.063374445,0.9366256,1
117.020197,35.37618058,0,0,0.479044013,0.479044013,0.217762902,0.782237053,1
120.486458,36.34546502,0,0.164072055,0.313324004,0.477396059,0.10782934,0.892170668,1
118.093896,36.76325953,0,0.1512952,0.3242459,0.4755411,0.13907899,0.860921025,1
119.0955075,36.76364841,0,0,0.474648267,0.474648267,0.238259062,0.761740923,1
120.4463211,37.62333141,0,0,0.467255399,0.467255399,0.344069809,0.655930221,1
118.5029248,37.44697679,0,0.262834895,0.204382032,0.467216927,0.166081384,0.833918691,1
117.1149869,36.7605127,0,0,0.467211545,0.467211545,0.280716896,0.719283104,1
119.7211395,35.62566154,0,0.25459998,0.210663915,0.465263894,0.148394525,0.851605475,1
118.5448098,36.97449499,0,0.213435206,0.246759921,0.460195128,0.086272798,0.913727224,1
118.6487145,34.93231446,0,0,0.457811996,0.457811996,0.326342642,0.673657298,1
117.1206955,36.11909635,0,0.278059824,0.179162413,0.457222237,0.063191004,0.936808944,1
117.0435154,36.67805316,0,0,0.452654049,0.452654049,0.381730914,0.618269086,1
115.935973,36.36098198,0,0,0.452218339,0.452218339,0.38302806,0.61697197,1
116.8183236,36.79522191,0,0.281104045,0.168065384,0.449169429,0.071337938,0.928662062,1
117.0684333,36.17750998,0,0.130195788,0.318090141,0.448285928,0.368746489,0.631253541,1
117.2373533,36.69695255,0,0,0.44798249,0.44798249,0.401244521,0.598755479,1
117.5333587,36.683251,0,0,0.44655893,0.44655893,0.375964314,0.624035716,1
117.4531753,35.78549866,0,0.22492265,0.22161606,0.44653871,0.383821666,0.616178274,1
120.224019,36.00506729,0,0,0.446315989,0.446315989,0.377069145,0.622930825,1
119.2006121,36.75106969,0,0.176273251,0.269888759,0.44616201,0.10802339,0.891976595,1
120.5371291,36.40555083,0,0,0.444513962,0.444513962,0.425208151,0.574791849,1
117.5072512,35.47693859,0,0,0.443082377,0.443082377,0.435624838,0.564375162,1
120.5184036,36.85434442,0,0,0.441601843,0.441601843,0.449967384,0.550032556,1
117.5206919,35.63041388,0,0.141407427,0.296901464,0.438308891,0.279217094,0.720782876,1
117.1947623,36.69577295,0,0.160179308,0.274704725,0.434884033,0.167269647,0.832730412,1
115.557817,35.21841675,0,0.281305819,0.152313873,0.433619692,0.072197758,0.927802265,1
115.6118879,34.95023677,0,0.279756659,0.152517825,0.432274484,0.483356059,0.516644001,1
117.821721,36.10639249,0,0.271872385,0.160221055,0.43209344,0.074254051,0.925745964,1
118.5509376,37.56005331,0,0.19010395,0.235445559,0.425549509,0.100951977,0.89904803,1
119.265503,36.66690824,0,0.23395724,0.182140261,0.416097501,0.416387588,0.583612442,1
117.4205888,35.7010491,0,0.167414577,0.246191755,0.413606332,0.202703893,0.797296166,1
117.5382767,35.54614016,0,0.228862234,0.184367388,0.413229623,0.08729475,0.912705243,1
118.9882258,35.95827718,0.248908437,0,0.159310818,0.408219254,0.07045272,0.92954725,1
117.6221713,37.68468982,0,0.231670268,0.176040158,0.407710426,0.08708553,0.912914515,1
116.9197709,37.16703152,0,0.239961076,0.16741699,0.407378066,0.084420964,0.915579021,1
119.3569254,35.16346147,0,0.167696856,0.237944528,0.405641385,0.184912339,0.815087736,1
117.429241,35.69544101,0,0.189776992,0.211014479,0.400791471,0.11493104,0.885068893,1
115.9386316,36.40093912,0,0.188311554,0.211440042,0.399751596,0.117981434,0.882018566,1
116.3182971,36.36093734,0,0.195544414,0.204177529,0.399721942,0.108290255,0.891709745,1
115.9689915,36.38653125,0,0.151755633,0.235999897,0.38775553,0.400567383,0.599432588,1
120.4958274,37.60579761,0,0.18133494,0.20383732,0.38517226,0.16079098,0.839208961,1
118.1972144,36.17745902,0,0.154571523,0.22238186,0.376953383,0.443503082,0.556496918,1
117.749825,35.82326224,0,0.206165533,0.161562562,0.367728095,0.109648786,0.890351236,1
117.2817611,35.19105236,0,0.202712247,0.16169484,0.364407087,0.117225185,0.88277477,1
117.4499272,35.64850368,0,0.171418769,0.185400903,0.356819672,0.309653372,0.690346658,1
